Sample Date	Southern	Northern
2020-03-09	None	None
2020-03-10	None	-0.14334638538579014
2020-03-11	0.3220046034610249	-0.5350218344308395
2020-03-12	-0.11873375394693042	-0.23665157373968526
2020-03-13	-0.11873375394693042	-0.23665157373968526
2020-03-14	0.200001757046131	-0.2522192446940146
2020-03-15	0.3696499920806602	-0.331472357136839
2020-03-16	0.09358936440198917	0.3925967339459291
2020-03-17	-0.4815714526530357	-0.3636857035484269
2020-03-18	0.05197117007511309	0.10170592053729166
2020-03-19	0.3059890772762657	0.21613251226322916
2020-03-20	0.3059890772762657	0.21613251226322916
2020-03-21	0.18860322086950987	0.16378188725799703
2020-03-22	0.5902202884400083	-0.4027830156559702
2020-03-23	0.11978301222274013	-0.08716358012911485
2020-03-24	0.49455660613312347	-0.9368129513312056
2020-03-25	0.6592130963012295	0.1342940545893896
2020-03-26	0.46052695515331266	-0.5228205515166451
2020-03-27	0.15662695011261007	-0.46422798652170627
2020-03-28	0.15662695011261007	-0.46422798652170627
2020-03-29	0.15662695011261007	-0.46422798652170627
2020-03-30	0.5490614374794944	-0.3927108909468018
2020-03-31	0.5490614374794944	0.33835054359911965
2020-04-01	0.3769933245896908	-0.37561913048716633
2020-04-02	-0.29968724914545675	-0.5128021097640385
2020-04-03	-0.7033744553333605	0.16641254160481367
2020-04-04	-0.7033744553333605	0.16641254160481367
2020-04-05	-0.7033744553333605	0.16641254160481367
2020-04-06	0.5349281644473365	0.12498287201970015
2020-04-07	-0.22005484055020474	-0.008460298346108175
2020-04-08	-0.2436047272548194	0.1411089599411639
2020-04-09	-0.23583884016369439	-0.11401377999766282
2020-04-10	0.09389744069858352	-0.21690289673676943
2020-04-11	0.09389744069858352	-0.21690289673676943
2020-04-12	0.09389744069858352	-0.21690289673676943
2020-04-13	0.09389744069858352	-0.21690289673676943
2020-04-14	0.46234267488756586	-0.13208722846138699
2020-04-15	0.46234267488756586	-0.13208722846138699
2020-04-16	-0.3062365966662526	0.702011792661267
2020-04-17	0.48611123555093627	-0.10601795183811191
2020-04-18	0.48611123555093627	-0.10601795183811191
2020-04-19	0.48611123555093627	-0.10601795183811191
2020-04-20	0.48611123555093627	-0.10601795183811191
2020-04-21	0.43935655273196517	-0.058828618832933444
2020-04-22	-0.24168063074719726	-0.11172768464621186
2020-04-23	0.22580200019248764	-0.43509688820114434
2020-04-24	-0.5560532543256329	0.2837844838446699
2020-04-25	-0.5560532543256329	0.2837844838446699
2020-04-26	-0.5560532543256329	0.2837844838446699
2020-04-27	-0.6519576688652364	0.2837844838446699
2020-04-28	0.2786502445540009	0.3179166230904684
2020-04-29	0.17650004198571878	-0.04340604875858389
2020-04-30	0.2942563090383885	None
2020-05-01	0.2942563090383885	None
2020-05-02	0.2942563090383885	None
2020-05-03	0.12971769885851359	0.07271125173897985
2020-05-04	0.38328553590832826	0.07271125173897985
2020-05-05	0.38328553590832826	-0.501336907953629
2020-05-06	-0.37387307551209403	-0.27758480874944524
2020-05-07	-0.37387307551209403	-0.27758480874944524
2020-05-08	-0.37387307551209403	-0.27758480874944524
2020-05-09	-0.37387307551209403	-0.27758480874944524
2020-05-10	0.022715545545242577	-0.5247319963917079
2020-05-11	0.005948338816800458	-0.5247319963917079
2020-05-12	-0.3643578734472861	None
2020-05-13	None	None
2020-05-14	None	None
2020-05-15	None	None
2020-05-16	None	None
2020-05-17	None	None
2020-05-18	None	None
2020-05-19	None	None
2020-05-20	None	None
2020-05-21	None	None
2020-05-22	None	None
2020-05-23	None	None
2020-05-24	-0.26440770284796145	-0.1295135368097391
2020-05-25	-0.0016598231017610487	-0.17469125179907508
2020-05-26	0.2631001075647106	0.33817345156256806
2020-05-27	0.12256357116426386	-0.28553711214800614
2020-05-28	0.2675777331470073	0.05067559127797949
2020-05-29	-0.29313941957953205	0.12918429509386442
2020-05-30	0.12324539064402984	0.5296076185613998
2020-05-31	0.12324539064402984	-0.09128528837827332
2020-06-01	0.3632726517484315	-0.3407044187957169
2020-06-02	-0.00037997641173603824	0.5227481557771725
2020-06-03	0.2824436830125734	0.362837480260346
2020-06-04	-0.27446658049399275	-0.36893600450979136
2020-06-05	-0.09070476528592053	-0.05428010428013863
2020-06-06	0.00550186971710076	-0.33719949819654715
2020-06-07	0.24046277647946823	0.5649896981674729
2020-06-08	0.09139926355915406	-0.33760486434393044
2020-06-09	0.21740720396716995	-0.09288769587882939
2020-06-10	0.038251471959121375	0.20734588068647497
2020-06-11	0.19470709816358323	-0.5298041865608951
2020-06-12	0.3110935987356953	0.004761191799566689
2020-06-13	0.3464559743113398	-0.08268557725779146
2020-06-14	-0.00898646491329913	0.04820499198282846
2020-06-15	-0.3911529807797791	0.1764581886942551
2020-06-16	-0.3665632794896254	0.41756607139086555
2020-06-17	-0.38493311321158785	0.08339694673432518
2020-06-18	-0.4908245754954166	0.2079656052287291
2020-06-19	-0.1462293759922133	-0.18002135194441138
2020-06-20	-0.10876277303256998	0.16991535730689122
2020-06-21	0.3360984236260123	-0.25049476067498233
2020-06-22	-0.019577397471561397	0.3058606881876784
2020-06-23	-0.45753582248478963	-0.0939571877906964
2020-06-24	-0.32982813176018766	-0.0739949712873944
2020-06-25	0.5914919708575397	-0.04554881870852867
2020-06-26	0.23565344436510927	0.11885779170055599
2020-06-27	0.16193816952377915	-0.2782823428757606
2020-06-28	0.39089983368787706	-0.07904222211912604
2020-06-29	0.09804359114004768	-0.06777602814338302
2020-06-30	-0.3488123665955989	-0.06777602814338302
2020-07-01	0.4611526047940817	0.20869313256648425
2020-07-02	0.009626162940417515	-0.2653859964435483
2020-07-03	-0.055876054498568806	-0.2371308184004448
2020-07-04	0.4375705031966959	-0.2371308184004448
2020-07-05	0.3422744777467912	0.5616842172431831
2020-07-06	-0.12457155401936504	0.23552023804478495
2020-07-07	-0.055747873018585636	0.10396603674672988
2020-07-08	-0.27097077983455975	0.4998417281667642
2020-07-09	-0.21311057229241115	0.30566480087367154
2020-07-10	-0.3462709226073386	0.6714141244947882
2020-07-11	-0.2726038325694127	-0.11372998488640107
2020-07-12	0.016846321313355617	0.00784221112633432
2020-07-13	0.09397210737540007	-0.2595466223871128
2020-07-14	0.1280711211522636	0.10945372437932122
2020-07-15	-0.19682450051393374	0.10945372437932122
2020-07-16	0.3094264559417823	-0.1311734116660972
2020-07-17	0.2117438724557843	-0.3376001675919156
2020-07-18	0.22682945991257952	0.6433264263861673
2020-07-19	-0.36709650107122727	0.541662452532023
2020-07-20	-0.5671642365479919	-0.24686207403572524
2020-07-21	0.14977416638165053	-0.4718843807408426
2020-07-22	0.14977416638165053	0.29735863532653894
2020-07-23	-0.34000880630471286	0.021494717356265625
2020-07-24	0.23142526886191916	-0.0326429232452341
2020-07-25	0.3696525411498719	-0.42128103327403466
2020-07-26	-0.16184486372897666	-0.08809044167152535
2020-07-27	0.5373525324653556	-0.22011313046883174
2020-07-28	0.4614778226206333	-0.01895719934766049
2020-07-29	-0.10824755613035819	0.1191287880107339
2020-07-30	-0.3887824748787203	0.624527885625632
2020-07-31	0.13255542316794688	0.21828108357296117
2020-08-01	0.16580851552866704	0.5528561440759674
2020-08-02	-0.0114988116733592	0.20601046252544108
2020-08-03	-0.39820721114405444	0.6175676032986317
2020-08-04	0.4688384950625206	0.17656163999674135
2020-08-05	-0.2820839056906266	-0.006569953701472286
2020-08-06	0.6697768190171018	0.17075115925290874
2020-08-07	0.42315710737784684	0.3830743213346679
2020-08-08	0.42315710737784684	0.3830743213346679
2020-08-09	0.42315710737784684	0.3830743213346679
2020-08-10	0.31992844898121575	-0.31337138727555924
2020-08-11	-0.10763313761860616	-0.14015257229253564
2020-08-12	0.24660093631582214	-0.6461616366951688
2020-08-13	0.3293007468809641	-0.4769262421788838
2020-08-14	0.3293007468809641	-0.8215778308399493
2020-08-15	0.3293007468809641	-0.8215778308399493
2020-08-16	0.3293007468809641	-0.8215778308399493
2020-08-17	-0.3214211018922839	0.3259071692798585
2020-08-18	-0.3214211018922839	0.3259071692798585
2020-08-19	-0.15046699832332422	-0.3590143995665116
2020-08-20	-0.15046699832332422	-0.3590143995665116
2020-08-21	-0.239733551135501	0.2408288364749822
2020-08-22	-0.239733551135501	0.2408288364749822
2020-08-23	-0.239733551135501	0.2408288364749822
2020-08-24	0.24699880575487043	0.3200695466776722
2020-08-25	0.24699880575487043	0.3200695466776722
2020-08-26	0.34977899538125	-0.16724874278604318
2020-08-27	0.34977899538125	-0.16724874278604318
2020-08-28	0.1376727747113513	-0.16724874278604318
2020-08-29	0.1376727747113513	-0.16724874278604318
2020-08-30	0.1376727747113513	-0.16724874278604318
2020-08-31	0.11369457853472653	0.0068018948804464685
2020-09-01	0.11369457853472653	0.0068018948804464685
2020-09-02	-0.14094813482312674	-0.2242140328165334
2020-09-03	-0.14094813482312674	-0.2242140328165334
2020-09-04	-0.08665233491134927	-0.37546803044141086
2020-09-05	-0.08665233491134927	-0.37546803044141086
2020-09-06	-0.08665233491134927	-0.37546803044141086
2020-09-07	-0.2755683241031406	0.44626389762653673
2020-09-08	-0.2755683241031406	0.44626389762653673
2020-09-09	0.1429238308427614	0.08246723615130236
2020-09-10	-0.04722080810834228	-0.43772253095778524
2020-09-11	-0.04722080810834228	0.09606511052442812
2020-09-12	0.43676649040727256	-0.1250163846161243
2020-09-13	0.37464429796816034	-0.5291727451770498
2020-09-14	-0.1247675890931248	-0.06745908205655127
2020-09-15	0.5250275123314836	0.3503780854397789
2020-09-16	0.28815740453482164	-0.35475881169288215
2020-09-17	-0.006436892437349684	0.03373138119960828
2020-09-18	0.21687517715851357	0.5080829842469115
2020-09-19	0.09093763925898202	-0.02792978465825513
2020-09-20	0.32293729823237527	-0.16144354875053324
2020-09-21	-0.3395423079645141	0.3949520662512569
2020-09-22	0.4183346998109343	0.26227047682897364
2020-09-23	-0.4826930537225067	0.3434928499158687
2020-09-24	0.3176339459742792	0.2683652769557696
2020-09-25	-0.4874515310600742	0.2856583457136992
2020-09-26	-0.23119625689550816	-0.3173390254219157
2020-09-27	0.15983752655152728	0.029665265604059243
2020-09-28	0.40691782270722143	0.2392283590125217
2020-09-29	0.15935616673309738	-0.0790190875434078
2020-09-30	0.09232324911687328	0.23432251032849294
2020-10-01	0.297398883029075	0.31282295354973755
2020-10-02	-0.38933637470645976	0.31282295354973755
2020-10-03	-0.38933637470645976	0.31282295354973755
2020-10-04	-0.38933637470645976	0.31282295354973755
2020-10-05	-0.13255383379725316	0.048809433794019697
2020-10-06	-0.13255383379725316	0.048809433794019697
2020-10-07	0.2266965140069459	-0.11304092500124341
2020-10-08	0.2266965140069459	-0.11304092500124341
2020-10-09	-0.39935150225915805	0.009847464152095142
2020-10-10	-0.39935150225915805	0.009847464152095142
2020-10-11	-0.39935150225915805	0.009847464152095142
2020-10-12	-0.39935150225915805	-0.14774109263444046
2020-10-13	-0.39935150225915805	-0.14774109263444046
2020-10-14	-0.6227012408705406	0.13118373255272786
2020-10-15	-0.6227012408705406	0.13118373255272786
2020-10-16	-0.005466937418745488	-0.02289822807517794
2020-10-17	-0.005466937418745488	-0.02289822807517794
2020-10-18	0.2879778946405054	0.5141192552725045
2020-10-19	-0.31622609280830716	-0.38185777999372306
2020-10-20	-0.23230712738870807	0.2501233242160481
2020-10-21	0.24326285107267154	-0.3587239317603803
2020-10-22	0.4523945285001787	-0.29900489865681834
2020-10-23	0.49092171302066845	0.12883494814946062
2020-10-24	0.27577582168788695	-0.7470657974157859
2020-10-25	0.18792706880606147	0.15551349206698717
2020-10-26	0.22563905479719892	-0.27086211129464743
2020-10-27	-0.04216635628529275	-0.401765877020992
2020-10-28	0.5954030068643021	-0.056933364587109736
2020-10-29	0.4862645061205342	-0.5589405765880855
2020-10-30	0.6072165003565146	0.012857059456393927
2020-10-31	0.3391211721893512	0.2871205866690616
2020-11-01	-0.376539665753171	0.2688555058640816
2020-11-02	-0.021603348997842886	0.4607421102261071
2020-11-03	0.4050291553731711	0.2191514085127153
2020-11-04	-0.11162178090725661	0.2980877295196933
2020-11-05	-0.10543950152541015	0.0968264743941063
2020-11-06	0.15221031728296452	-0.035335997959634824
2020-11-07	0.1369248621287511	0.16540219739911777
2020-11-08	0.28206384018886865	0.1110407781248739
2020-11-09	-0.09549421314440565	0.0839430996009014
2020-11-10	0.318299529172009	-0.4688311329172734
2020-11-11	-0.2633553312961112	-0.5609967932062432
2020-11-12	0.5154054204480758	0.08397777787678251
2020-11-13	-0.3279224392344986	-0.41814914435360606
2020-11-14	-0.2413951447960585	-0.24836225390106392
2020-11-15	0.3826253316663042	0.4991370714403729
2020-11-16	-0.5158194130553966	-0.15162348947598048
2020-11-17	-0.1500094533889751	-0.058700290809497346
2020-11-18	0.007640517478023412	0.5513277616853429
2020-11-19	0.141747064300489	0.4414188974690205
2020-11-20	0.4878763064795635	0.5819663901413037
2020-11-21	0.3070491481419708	-0.07405782917362558
2020-11-22	0.6413291628042543	-0.1614298482753611
2020-11-23	-0.08471714457414237	-0.28467711142832286
2020-11-24	0.3749721403674471	-0.025563574094462638
2020-11-25	0.46210804009677986	0.5368725360537496
2020-11-26	0.0684968340868295	0.1478130937385913
2020-11-27	-0.17169288373975178	0.10689428259826173
2020-11-28	0.5004698733954456	0.3745048767799517
2020-11-29	0.240124546567813	0.18637655195044545
2020-11-30	0.12600126798326983	-0.3425115878711722
2020-12-01	0.09844880957689384	0.08155109125425497
2020-12-02	-0.3629376045629442	-0.1715526521635411
2020-12-03	0.18630760782332345	-0.33122032877724905
2020-12-04	-0.45814362370845174	-0.057730048334633466
2020-12-05	0.5385545610945428	-0.1651640708795412
2020-12-06	0.1878828644546502	0.027988557020080407
2020-12-07	-0.23801860793844298	0.05763944728869319
2020-12-08	0.3499652609181112	0.3156905418684346
2020-12-09	0.29795694633321546	0.5960841966740418
2020-12-10	0.1623328137492308	0.5867388823647843
2020-12-11	-0.3248230190999948	-0.24393793058789015
2020-12-12	-0.11404383763124315	-0.4074994593966039
2020-12-13	0.2486044151396527	-0.30443921375547234
2020-12-14	0.024316214876762388	-0.009725964301651402
2020-12-15	0.06065457320460155	0.30476904430702234
2020-12-16	0.3623495149632845	-0.1673629222573254
2020-12-17	-0.30179468338587867	-0.11020720760063796
2020-12-18	0.3007090914281889	-0.1358784588464914
2020-12-19	-0.38589900800980104	0.11653289866728755
2020-12-20	0.18072210018476653	-0.04984088895457717
2020-12-21	0.1962668558327323	0.46305227670086424
2020-12-22	0.00654690784676859	-0.1644142380014273
2020-12-23	-0.04872751741174852	0.02177479462670817
2020-12-24	-0.13735471448262615	-0.48231336695505433
2020-12-25	-0.1894131382886144	0.0774664645566645
2020-12-26	-0.058939090738590494	0.40279789440967306
2020-12-27	0.1703441044491001	-0.2632552857145356
2020-12-28	-0.01900727377176281	0.2545541873593038
2020-12-29	0.5176382486196189	-0.37856742483006656
2020-12-30	0.454659945689059	0.2217417264399728
2020-12-31	-0.11461787579776228	-0.30571600128246246
2021-01-01	-0.028507557496254776	0.017251621364493985
2021-01-02	0.2886527084328918	0.4403893971295929
2021-01-03	-0.0019212710199099092	0.02105188538564562
2021-01-04	-0.5927631034568321	0.06568733826418338
2021-01-05	-0.1984422460384394	0.5700624946907737
2021-01-06	-0.2383098331832798	-0.09535984552758237
2021-01-07	0.3513377342572994	-0.1446110998704171
2021-01-08	0.5528212237434218	0.02155539157683961
2021-01-09	-0.4463808604291444	-0.11415508012760256
2021-01-10	-0.04116779360083456	0.6300607178404789
2021-01-11	0.07594068739763316	0.13506476677844148
2021-01-12	0.3992377343174667	0.3262254659766768
2021-01-13	0.4210601154213691	0.10670242742003211
2021-01-14	-0.40292380893515656	0.3066562594744937
2021-01-15	0.00039360141749966715	-0.31039079361880795
2021-01-16	-0.1772216616825517	0.032743545907578664
2021-01-17	-0.019318447201385425	0.32823182141351026
2021-01-18	-0.3574081608958295	0.16210244369995053
2021-01-19	0.10255905500332574	-0.18531230685289302
2021-01-20	-0.014040179671496844	0.21128587949328903
2021-01-21	0.2912638653299382	-0.171736600551867
2021-01-22	-0.20431981092383467	0.42105512513035137
2021-01-23	0.07579247747764839	-0.35534792795181147
2021-01-24	-0.17513268608195176	0.07073830446131524
2021-01-25	-0.46638046801604105	0.39713144496022323
2021-01-26	-0.33457261079229283	-0.32381600784094644
2021-01-27	0.5628881303059643	-0.1883246364665183
2021-01-28	0.0019682858556961946	-0.14686604899600297
2021-01-29	0.12404801549064359	0.3587844915293772
2021-01-30	0.12232904607697037	-0.39171476232274927
2021-01-31	-0.1314826790984398	-0.023243067549117313
2021-02-01	0.48325082543203735	0.37177049788914474
2021-02-02	0.39681662462305667	0.3649549440702913
2021-02-03	-0.055872115223451146	0.3212797801710394
2021-02-04	0.039972692134369936	0.4216882143275029
2021-02-05	-0.21469139776166912	-0.4784394369186771
2021-02-06	0.0462474163636557	-0.27970591261242816
2021-02-07	0.31276521602245566	-0.05794889552328186
2021-02-08	0.4391365510805372	-0.2544777742046449
2021-02-09	0.5179768879937114	0.2594076500072333
2021-02-10	0.14329941822603587	-0.38579969943106107
2021-02-11	0.41350390977441975	-0.23544617626765785
2021-02-12	-0.2385197329479638	-0.3064566703769742
2021-02-13	0.33586248095150495	-0.05573798739618496
2021-02-14	-0.40749933460608645	0.057683223558683494
2021-02-15	0.41049383702733167	-0.2687021515297374
2021-02-16	-0.14833161750243562	-0.4802629607643212
2021-02-17	0.2903574068274679	-0.3550900004685218
2021-02-18	-0.08419855419009536	-0.5573429095713891
2021-02-19	0.39914297771895235	-0.04120952774030684
2021-02-20	0.17601887390776483	-0.35329517464015225
2021-02-21	-0.2618892007541831	-0.16992120021302526
2021-02-22	-0.5174614696352933	-0.30003934558180845
2021-02-23	0.1084339282840574	0.1656571573793144
2021-02-24	0.38887503887201547	0.009607682411342466
2021-02-25	0.030639335207752083	0.20715902390935526
2021-02-26	-0.5483203325785553	0.012299145086899443
2021-02-27	0.2971557703381791	0.11893964062073792
2021-02-28	0.013164680223610503	0.2775484397347441
2021-03-01	0.3031964904071742	-0.44051786443793617
2021-03-02	0.04466014785072048	0.0651345626452553
2021-03-03	0.12692239949330997	0.18226755501643765
2021-03-04	0.04068974305533857	0.1980059672685286
2021-03-05	-0.38711266744218165	0.26315397845752386
2021-03-06	-0.3939249882317881	0.3778835777870313
2021-03-07	-0.5284296328854907	-0.130620349439738
2021-03-08	0.1285044729108904	0.22866887867985497
2021-03-09	-0.09142992563238295	0.06502534695766826
2021-03-10	0.0005473118805525701	-0.1679411432575364
2021-03-11	0.5594821295655947	-0.30927877975705087
2021-03-12	0.24207715810086938	0.27797726582187465
2021-03-13	0.4930138861283808	0.5931778156272571
2021-03-14	0.31775327254683816	0.09568118822704719
2021-03-15	0.11659602049599016	0.33319360058942493
2021-03-16	0.3844223049627544	0.16146955913262673
2021-03-17	0.1512761542228418	0.4652298810115667
2021-03-18	0.4389966802133358	0.4321312412374141
2021-03-19	0.37413229816507965	0.08020198680623025
2021-03-20	-0.3380870379178873	-0.15352438373366795
2021-03-21	-0.3305340860651995	0.41587826149753937
2021-03-22	0.38131439316669	0.11481596786882164
2021-03-23	0.1508231884568545	0.7808171379531927
2021-03-24	-0.20924536472654154	0.3145483893638925
2021-03-25	0.46631044362510465	0.2570150139287648
2021-03-26	-0.1427195411416733	-0.049489194669490644
2021-03-27	0.05505701981718403	0.4602877766021152
2021-03-28	0.2780362757705461	-0.03488101805771748
2021-03-29	0.31019094806168823	-0.3431554890522648
2021-03-30	0.29195234955568594	-0.08947804920754265
2021-03-31	-0.1348453518921815	0.46387829298211614
2021-04-01	0.3713646207455099	0.36885084144338975
2021-04-02	0.29521415808767415	0.4190692835508685
2021-04-03	0.3189434395945909	0.258635338870306
2021-04-04	-0.20233316589218475	-0.37844460300621563
2021-04-05	0.657698773867935	0.27892872747904107
2021-04-06	0.644599723125566	0.2577479017982114
2021-04-07	0.5800220813241594	-0.3175669671251171
2021-04-08	-0.08761070886185962	-0.25270272124842563
2021-04-09	0.27995990086793654	-0.09976925325673847
2021-04-10	0.3338904476967741	-0.036810394325527795
2021-04-11	-0.2212605449111038	0.07556686671591706
2021-04-12	0.21229458601726492	0.4427249888271376
2021-04-13	0.3425803285152824	0.18141691956884642
2021-04-14	0.0036564443879001374	0.16254614570021886
2021-04-15	0.33059388350130803	0.578084910430448
2021-04-16	-0.09478577538237687	0.35027653401252223
2021-04-17	0.215421758065645	-0.463933169807774
2021-04-18	-0.032458674112376684	0.1824631109294046
2021-04-19	-0.17974428717417368	0.1933907594416837
2021-04-20	-0.3270116104689009	-0.6341485490102343
2021-04-21	-0.11934169622844593	0.4023568688214425
2021-04-22	0.364770542247669	-0.24357596595430664
2021-04-23	0.17277215082322073	-0.003355441727165953
2021-04-24	0.07180124553883616	0.09087640809789832
2021-04-25	0.09602897958447443	-0.32877872368354133
2021-04-26	-0.40000807359788837	-0.35547633656838684
2021-04-27	0.0375249728333813	-0.04981298917503807
2021-04-28	-0.0014176290177658757	0.31718511003155925
2021-04-29	0.19765496500997415	-0.11055540135095043
2021-04-30	-0.07349802653612869	0.4493875193157493
2021-05-01	-0.3807110228542001	-0.1371499380130814
2021-05-02	0.04801513553888981	0.4558002755720878
2021-05-03	0.25098218345675605	-0.14142300792437368
2021-05-04	-0.0819880556472583	-0.24248896255892305
2021-05-05	-0.2445122683475347	0.3021542386759677
2021-05-06	-0.2993445198023039	0.32957902015854756
2021-05-07	0.07979024308163218	-0.1171998046229703
2021-05-08	-0.22669232300407316	-0.0714640043428858
2021-05-09	0.34794484413473015	-0.38008581206679537
2021-05-10	-0.38604089565632194	0.4469068899792603
2021-05-11	0.01836142043845257	0.0965577626463272
2021-05-12	0.4343576903524706	-0.005387496392380342
2021-05-13	-0.36603958712463935	0.18038140116603074
2021-05-14	-0.026757810193110743	0.4415538137902075
2021-05-15	-0.37990252921322565	0.052634647502245
2021-05-16	0.12064371979337807	-0.3490441190018103
2021-05-17	-0.34000606442216963	-0.030741877216236446
2021-05-18	-0.5176060909160327	0.48332377527258075
2021-05-19	0.02284330228667386	0.29872122005894397
2021-05-20	0.18941128312151534	-0.20632632854100308
2021-05-21	-0.4268950845379891	-0.11662689624978384
2021-05-22	-0.4084650201970703	0.12756195487476418
2021-05-23	-0.3873303645531223	0.3444824517461029
2021-05-24	0.10275301594963082	-0.1470208866827818
2021-05-25	0.33287253003953055	0.027039069587878828
2021-05-26	-0.3919391533609229	-0.1593786991668651
2021-05-27	0.03460090898148138	0.34185276443065504
2021-05-28	-0.1327189652099463	-0.11876215103135124
2021-05-29	-0.5561694526994714	0.4008953162351965
2021-05-30	0.11145703210658553	-0.1003310705454119
2021-05-31	-0.33203750094001805	-0.0943424860183093
2021-06-01	-0.513783303439368	-0.0943424860183093
2021-06-02	-0.2708842774125628	-0.11415930051165901
2021-06-03	-0.4358096137014087	0.2880815426015282
2021-06-04	-0.19341529388353962	0.5049589093240314
2021-06-05	-0.22552972402431237	0.17539200051237458
2021-06-06	-0.08892019328700584	-0.35901361902698525
2021-06-07	0.13182056218949612	0.07441311934199035
2021-06-08	-0.05747187386114305	0.5219366582452132
2021-06-09	0.2640722593312077	0.2100983249532753
2021-06-10	-0.07079179027025262	0.24384707593164734
2021-06-11	-0.25694287360320445	0.6632878139738345
2021-06-12	0.002143083840952187	0.04092394228155527
2021-06-13	0.002143083840952187	0.3971301241694434
2021-06-14	0.06899313870353296	0.24198639952416556
2021-06-15	0.44161746840036287	-0.2529399008794613
2021-06-16	-0.2326826652858447	0.5391036181140727
2021-06-17	0.3427901912778992	-0.38059600719277853
2021-06-18	-0.20076953714738366	0.45762050553942757
2021-06-19	-0.06525509349712877	0.27063178081829875
2021-06-20	-0.6330993101550106	-0.26370211555501477
2021-06-21	0.14559912306941847	-0.22943021873790315
2021-06-22	-0.6389280696793715	0.08029958011361948
2021-06-23	-0.3399632567233386	-0.20208225928717383
2021-06-24	3.1634947768578154	0.5191596612599341
2021-06-25	3.3365493300466404	0.25518966296719725
2021-06-26	4.2172919001567735	-0.06987632481272499
2021-06-27	2.2910432378086885	-0.47317107993181295
2021-06-28	1.7362904347832764	-0.45262591726328694
2021-06-29	3.7383964595610806	-0.2663228095879191
2021-06-30	5.499866576454824	-0.3135926710185899
2021-07-01	-0.09183923218303036	-0.413249925509497
2021-07-02	0.5141428805724217	-0.4643842609031168
2021-07-03	-0.08413439424192859	0.35232910580615595
2021-07-04	0.21144277966275027	0.10048676189304473
2021-07-05	0.18730633853689937	-0.20884687559301796
2021-07-06	0.5932572261038302	0.24891308569458204
2021-07-07	6.924374188439234	-0.35297856576290343
2021-07-08	11.685784597266597	-0.2170650630732922
2021-07-09	13.4892361167284	-0.39675988214773383
2021-07-10	14.639599569516555	-0.27659053497720265
2021-07-11	18.97517742957544	-0.33002837429334164
2021-07-12	19.378228663845192	-0.3007699049910073
2021-07-13	21.26256816536467	22.21926376987303
2021-07-14	-0.36637595990844574	26.99125777735921
2021-07-15	0.020838797811919108	27.976865452384317
2021-07-16	0.4340814531644597	28.603410406640265
2021-07-17	0.39517958533303954	26.630118851666552
2021-07-18	-0.15061112156905665	31.966067768954687
2021-07-19	-0.0007969297312087065	35.89753281983407
2021-07-20	-0.1760712807672249	0.33956801717913265
2021-07-21	0.5100934631961849	0.2236343050439018
2021-07-22	-0.019032532108909095	0.04975058550675726
2021-07-23	0.08479004562293824	0.18479143007638754
2021-07-24	0.4036913918227327	0.19641044367187988
2021-07-25	0.3588155995605291	-0.0071341699053562024
2021-07-26	0.20754779971170478	-0.26597077692073867
2021-07-27	0.030334489415793087	0.172983130964667
2021-07-28	-0.3468690589537857	-0.5884986774308913
2021-07-29	-0.014876945733561797	-0.18042827403985484
2021-07-30	0.4144518628849596	0.0008527405868790083
2021-07-31	-0.1986185722753646	0.2607502243063209
2021-08-01	0.1694932369012463	0.021058619971398684
2021-08-02	0.1782572916338836	-0.03305085233867544
2021-08-03	-0.30889633317553944	0.3661493554189974
2021-08-04	-0.5652783054497377	-0.3380401419387624
2021-08-05	0.051509111769064475	0.2105586280129046
2021-08-06	-0.4877213353562979	0.47827456693789827
2021-08-07	-0.48459148831187804	-0.14279201295028088
2021-08-08	0.08906724010626021	0.3300792437959785
2021-08-09	0.23963391868534245	-0.10720396482884098
2021-08-10	-0.19261995222836958	0.3784867722632157
2021-08-11	0.540171584063728	0.3893737845230021
2021-08-12	0.15087285287836494	-0.3043152325055303
2021-08-13	-0.2801705572014157	-0.11163275419289675
2021-08-14	-0.13754090309674893	-0.11858624525194728
2021-08-15	0.32496927914854723	-0.08948965918591512
2021-08-16	0.3004823149659046	0.3636171348035191
2021-08-17	0.20113777119394172	0.28487469065453297
2021-08-18	0.6090731080238925	-0.10179042042858555
2021-08-19	0.39513236175412203	0.34974146268052664
2021-08-20	-0.36333555418860897	0.44096587167030066
2021-08-21	-0.20632683212772918	0.263328867238215
2021-08-22	0.016849476548145503	-0.3869379960750621
2021-08-23	-0.3115700032434461	0.4178991049540741
2021-08-24	0.028228556329708	0.004964993419775965
2021-08-25	-0.06493039035683523	-0.266068684522736
2021-08-26	-0.36697977987165586	-0.5270623303705406
2021-08-27	-0.08448923664383301	-0.40483446722817007
2021-08-28	0.1698689575662229	0.14889785905381814
2021-08-29	0.07441067256837641	-0.6094035760617089
2021-08-30	0.32752946273336647	-0.006711123724812751
2021-08-31	-0.2155901322508953	0.2890266919264377
2021-09-01	-0.07875672675015721	0.13422274761421704
2021-09-02	-0.23644659724811845	-0.6384308261681895
2021-09-03	-0.22160992751463482	-0.476358493697262
2021-09-04	-0.2596948793246838	-0.34302279424804283
2021-09-05	0.31391321947410233	-0.3851426183123863
2021-09-06	0.22445941864901897	-0.14244572612514617
2021-09-07	-0.11798698109959105	0.01211465090477759
2021-09-08	-0.034598375372922874	0.2370062338158334
2021-09-09	-0.14137501485424764	-0.07646763329012174
2021-09-10	-0.09584286816209442	-0.0007769980353486972
2021-09-11	0.2332010719182449	0.18424558815007686
2021-09-12	-0.49942871558130264	-0.2295585415050425
2021-09-13	-0.4538952060801762	0.15938615146751545
2021-09-14	-0.31785364809553585	0.1644408247690592
2021-09-15	-0.5599091928601183	0.36932299141849967
2021-09-16	-0.4657561043281362	-0.48216010129399933
2021-09-17	0.31565550955684785	0.2424989584255286
2021-09-18	-0.2522645678353115	-0.15972601513601603
2021-09-19	-0.19398644870244652	-0.38710915723112294
2021-09-20	0.24694856343933225	0.3775046060233649
2021-09-21	0.012784420755679093	-0.444260228408325
2021-09-22	0.018901597597960063	0.1341642168126782
2021-09-23	-0.039329256820394676	-0.027232710897351353
2021-09-24	0.4046026245447365	0.0751900549862512
2021-09-25	0.5243956586340914	-0.3596753551182701
2021-09-26	0.28414939542236084	-0.5547141415098338
2021-09-27	0.6446490736220767	-0.132055348665574
2021-09-28	-0.3330594737910815	0.05803788189243164
2021-09-29	-0.2041945110771337	0.33112681292601565
2021-09-30	0.46664619330204005	-0.3835640707699781
2021-10-01	0.30366718700025785	0.2924072334897687
2021-10-02	-0.252370584731068	-0.05237250941797811
2021-10-03	-0.33355163730414006	-0.15301968325263715
2021-10-04	-0.4790926957068109	-0.5417625265467905
2021-10-05	-0.39350326723422313	0.08773222260356306
2021-10-06	-0.18406972939800426	-0.30488694917585235
2021-10-07	0.3105416055021806	-0.3468618791046083
2021-10-08	0.27926232446418453	0.27261538713889877
2021-10-09	0.15698714861247254	0.20971595103833351
2021-10-10	-0.07603196047523397	0.20971595103833351
2021-10-11	0.7328149669218647	0.014313749601740255
2021-10-12	0.35596605458147224	-0.0026203541627296545
2021-10-13	-0.04998671212416639	0.3297922518484029
2021-10-14	0.10192523445999768	-0.004866839518399502
2021-10-15	0.33981437198355025	0.23757179742057133
2021-10-16	0.222577368787654	0.11639814925527503
2021-10-17	-0.04445198944574713	-0.27329711905787235
2021-10-18	-0.010682731637530196	0.19457880420785045
2021-10-19	0.380394015232838	-0.3424851183318651
2021-10-20	0.15865047268840726	0.041013789770090625
2021-10-21	0.2610392870325029	-0.20537873359077707
2021-10-22	-0.24524814980878773	0.1641253219217731
2021-10-23	0.35283451552186307	0.10869678189973797
2021-10-24	0.00570270807122597	-0.3746516898343657
2021-10-25	0.08618554126900335	-0.45945054298221066
2021-10-26	-0.13375840655498905	0.05045612459610993
2021-10-27	-0.3589369570945564	-0.393667973236802
2021-10-28	-0.028757569911363134	0.23965978455356662
2021-10-29	0.2292773124413543	-0.5586540332735126
2021-10-30	0.42743511167964243	-0.6256727094342978
2021-10-31	-0.20863652729019577	0.037790087329995004
2021-11-01	-0.2298547967225204	-0.24399439839385195
2021-11-02	-0.03632707894956866	-0.14631161768994616
2021-11-03	0.0733220347985366	-0.11956245314883063
2021-11-04	0.18877680789665874	0.4007050070789546
2021-11-05	0.18877680789665874	0.03382929958814884
2021-11-06	-0.29149459079809503	0.0784137298777523
2021-11-07	0.3529288651058664	0.11447266836904646
2021-11-08	-0.5100843862811075	-0.049968238647977614
2021-11-09	-0.1512898884308811	0.5190363091489303
2021-11-10	-0.43887426846168864	-0.1480761390275802
2021-11-11	-0.5565639484717053	0.2539447634148928
2021-11-12	-0.6824546554855146	0.5380021225390124
2021-11-13	-0.44643484731057015	-0.13433164718361468
2021-11-14	-0.4048517432313474	0.6040288037889923
2021-11-15	-0.09875686282759943	0.25227945523840845
2021-11-16	0.4973669600997255	0.038999736857590506
2021-11-17	0.3393466932193405	0.38653713601513573
2021-11-18	0.027244435006082313	-0.17876402483875609
2021-11-19	-0.2288742780682469	-0.2567670637570245
2021-11-20	0.3652009426589302	-0.1652914024148231
2021-11-21	-0.020333883060743574	-0.5294463365323736
2021-11-22	0.20381827740277458	0.05593382360052601
2021-11-23	0.03568623608123289	0.27889119179894806
2021-11-24	0.07993652273182761	0.48556964199190134
2021-11-25	-0.3996257219771451	0.4199145302773104
2021-11-26	0.1210841396231217	-0.0052154475328052285
2021-11-27	0.3415619984936029	-0.3249774935250116
2021-11-28	-0.5287048101852179	0.16399269046075915
2021-11-29	0.2910943900511711	0.3448515812374353
2021-11-30	-0.1349454633160576	0.31929164186578873
2021-12-01	-0.008478434488324638	0.0786292290200663
2021-12-02	-0.5657481636292232	-0.3256299291011828
2021-12-03	-0.7122340031976364	0.27681754288664706
2021-12-04	-0.39904639551514265	0.03475595029431133
2021-12-05	-0.5159368236763839	-0.20002165358982893
2021-12-06	-0.10530976229210864	0.2380417301756097
2021-12-07	-0.4306988619077856	0.18890005910179752
2021-12-08	0.015320368682068874	-0.20270242007404704
2021-12-09	-0.6210849155320375	0.20650953516815207
2021-12-10	0.030232378611344757	-0.12432802701664514
2021-12-11	0.06212163255736414	0.17529318367610358
2021-12-12	0.4207394643090083	0.12230433744093716
2021-12-13	-0.43112817085716415	-0.5149056385896529
2021-12-14	-0.08273651573222196	-0.02528335787405922
2021-12-15	-0.2514726264857927	-0.1712483276023704
2021-12-16	0.07536373134826135	-0.6915957335054372
2021-12-17	0.5117932237335481	-0.5629925243924845
2021-12-18	0.2073195241018766	-0.6226944111060675
2021-12-19	0.08652646217683468	-0.4324384907874901
2021-12-20	-0.20038391812272494	-0.07732237329037162
2021-12-21	0.07347972503202982	0.27323722132950934
2021-12-22	0.36137797958735973	-0.10256527030287543
2021-12-23	-0.08612491661006061	0.41791770683676077
2021-12-24	0.007379003577170806	-0.08914441693832487
2021-12-25	0.553771108210185	-0.06615926722315635
2021-12-26	-0.29008184477334	0.2722092763619912
2021-12-27	0.6196313031568934	0.19620670555832476
2021-12-28	0.20596609057065507	0.4007026010312984
2021-12-29	-0.05454202678447473	0.45915046397658443
2021-12-30	0.09312534004129702	0.3257884276272307
2021-12-31	0.3970345716443262	0.3949169743209495
2022-01-01	-0.319239180375007	-0.5361982866752442
2022-01-02	-0.2916859068245685	0.33582423818370444
2022-01-03	0.07845117962824588	-0.49745880746013427
2022-01-04	0.08623891024762997	0.22466362638078863
2022-01-05	0.18992878162862326	0.22332818094218965
2022-01-06	0.09447104373248294	0.28286237969223293
2022-01-07	-0.020795055228518322	-0.3939925657150525
2022-01-08	-0.5814799408199178	-0.20792517215068074
2022-01-09	-0.3480798396085447	-0.5174013379482858
2022-01-10	-0.4642058796425772	0.06196143624310935
2022-01-11	-0.2506790831903345	-0.36128730561904376
2022-01-12	-0.4629677155362515	0.31828431309122607
2022-01-13	-0.29908489163244667	-0.2506477495330728
2022-01-14	-0.4154331952431676	-0.20863009527420218
2022-01-15	-0.40344559657842183	-0.051268729579078354
2022-01-16	-0.31412578419758574	0.06669063185472623
2022-01-17	0.11388569760674727	-0.013777026146271965
2022-01-18	-0.6303555618469545	-0.5088703550995888
2022-01-19	-0.31108090142470246	-0.4216987128179426
2022-01-20	0.2668401671871834	-0.27004778796731443
2022-01-21	0.2891173436826193	0.3049122800164241
2022-01-22	-0.21349430086320353	0.3788841344398861
2022-01-23	0.3557707808986379	-0.24456674610883056
2022-01-24	-0.4282704081222164	0.28348700012611516
2022-01-25	-0.12035822451707645	-0.48162316429034036
2022-01-26	-0.3117751241377391	0.3246500373059007
2022-01-27	-0.5082242373352983	-0.42712733525308977
2022-01-28	0.413869116655178	-0.023436499679064582
2022-01-29	0.33080018375699183	-0.146221389795528
2022-01-30	0.5060502717633426	-0.04881375986155945
2022-01-31	-0.0872818533418922	-0.17201596979691658
2022-02-01	-0.4566727218619917	-0.3525130278803772
2022-02-02	0.16170303036915357	0.12222442169468195
2022-02-03	-0.156274067221716	-0.01746604532127094
2022-02-04	-0.6482154808333007	0.037528223255549165
2022-02-05	-0.3596456276287654	0.3330512957991232
2022-02-06	-0.1246556956104996	0.30827211062427295
2022-02-07	0.00975101052847549	0.05432755580090998
2022-02-08	-0.2787891397870794	0.08416358592722872
2022-02-09	-0.17797625165331965	-0.0839944578690961
2022-02-10	-0.3413721673857708	-0.5676727719304608
2022-02-11	0.32613165230321783	-0.0353257874065207
2022-02-12	-0.19057661046679186	-0.17821985331471524
2022-02-13	0.14044672463799657	-0.5084555642542625
2022-02-14	0.3125604980948822	-0.38764877143086096
2022-02-15	0.34288811571315136	0.12992885357937212
2022-02-16	0.6016395170646547	0.25699137256503946
2022-02-17	0.2907771547900637	-0.08794026557822576
2022-02-18	0.5081359439741675	-0.20517155240885643
2022-02-19	-0.34307559341390004	-0.20517155240885643
2022-02-20	-0.47300595923731237	0.4391622743923165
2022-02-21	0.42670988937237553	-0.1830851811760965
2022-02-22	0.013466554118835461	-0.1953920304629264
2022-02-23	-0.4338497133990984	-0.10697219428678295
2022-02-24	0.027186087596405173	0.2606304617745536
2022-02-25	-0.496335651713224	-0.39084595741302053
2022-02-26	0.4890754787504932	-0.05664744592201032
2022-02-27	0.15890210792321113	0.03364653513088456
2022-02-28	-0.05506427287954807	0.5487008059351837
2022-03-01	-0.177953674775452	0.3400596322619691
2022-03-02	-0.5026460349733526	-0.024573046711381608
2022-03-03	0.2252500884704176	0.6113543375449524
2022-03-04	-0.2829979143733965	0.32271063758196306
2022-03-05	-0.24179106707181575	0.22368774505936528
2022-03-06	-0.18228837387123065	0.1890515137943254
2022-03-07	0.12776997143387803	0.31155803380788427
2022-03-08	-0.21210607537355486	-0.05330901331525695
2022-03-09	0.5965299950301528	0.5114275810998237
2022-03-10	-0.26553063657395626	-0.33806044388536804
2022-03-11	-0.25522115491159525	-0.25352227139171646
2022-03-12	0.4241373945823739	-0.25352227139171646
2022-03-13	-0.31177511923070256	-0.10029141757338778
2022-03-14	0.15019807531257356	0.0813163161979702
2022-03-15	0.09780291224916482	-0.3740876170892875
2022-03-16	0.014495904531145243	0.26514023273442433
2022-03-17	-0.3704336675789648	0.4211152264022928
2022-03-18	0.16045154170456044	0.11603265785288386
2022-03-19	0.17670977365293083	0.3761077997702671
2022-03-20	-0.3956565083421424	-0.18579605765509655
2022-03-21	-0.07317064395115835	-0.3349016787795449
2022-03-22	-0.013648411078435174	-0.5068329402504332
2022-03-23	-0.4135323029904896	0.15612831304667907
2022-03-24	0.008838147336689417	-0.35148524156798544
2022-03-25	0.38493724975913324	-0.10792541513509946
2022-03-26	-0.1068146958570253	-0.333879228486893
2022-03-27	0.04202527086241048	0.03431804293711593
2022-03-28	0.3850646983410684	0.04760265722174495
2022-03-29	0.3604361278268584	0.1100113076695095
2022-03-30	-0.1665876823977328	0.6571892534309143
2022-03-31	-0.033841419534439865	0.08645741000020735
2022-04-01	-0.36738014442846634	0.20107718649376238
2022-04-02	0.14984443584654628	0.663666206467667
2022-04-03	0.1499574877022951	0.4774004089955497
2022-04-04	-0.3918217054797992	-0.18472361142733007
2022-04-05	0.12128086468845822	0.17794643492305795
2022-04-06	-0.6692625901988549	0.21793686515763966
2022-04-07	-0.25574616515922344	0.1601909309262055
2022-04-08	-0.310427002054098	-0.21680957286542935
2022-04-09	0.08226466559801793	0.1813366289267151
2022-04-10	0.22847570841634024	0.31523087390064575
2022-04-11	0.3782605615546686	-0.09435198568883152
2022-04-12	0.13364932233548643	-0.46488992372087523
2022-04-13	0.40010398180970697	0.09351086442353562
2022-04-14	-0.38607098545253393	0.1343390257475221
2022-04-15	-0.20375170072588844	-0.18639355009213432
2022-04-16	-0.07782416405177628	0.46295766870184707
2022-04-17	-0.43197803406542334	-0.3064157160055174
2022-04-18	0.14175066313509888	-0.12384193954892453
2022-04-19	-0.3954609727525167	-0.4578912308151075
2022-04-20	-0.24780308077890822	-0.3422678586460961
2022-04-21	-0.3707758337229734	0.10410387638012253
2022-04-22	-0.673470623343178	0.1617331860250033
2022-04-23	-0.07816331819105926	-0.45949999642198236
2022-04-24	-0.5725143736235623	0.26645365921331177
2022-04-25	-0.4202561189588323	0.2862391250731662
2022-04-26	-0.33028683628799627	0.10606001620897132
2022-04-27	0.07728335986757884	-0.0040891869666666025
2022-04-28	-0.5038092469037565	-0.13597191474036663
2022-04-29	0.21979847157160748	0.5986394428988433
2022-04-30	-0.46174575017141706	-0.03823475963361034
2022-05-01	-0.1276299316979248	-0.3744639013912092
2022-05-02	0.28207781940750465	-0.28818029738965834
2022-05-03	-0.06742974936582868	0.4450486014403623
2022-05-04	0.2124345391684983	0.09507895102615294
2022-05-05	-0.005771988521814819	0.1219564212331079
2022-05-06	-0.2666890418749972	-0.22295645931205854
2022-05-07	-0.24374704218382703	0.05748688569974547
2022-05-08	-0.21802850053495604	0.061112086009870836
2022-05-09	0.3093672459129948	0.4218716411086234
2022-05-10	0.48933447443016576	0.07566492737976205
2022-05-11	-0.2778701878098673	0.18298614574530347
2022-05-12	0.4185117619376797	0.5399635568885515
2022-05-13	0.11060821881574157	0.21636491139997815
2022-05-14	-0.6847077337788505	-0.12967286074558615
2022-05-15	-0.19166320633780742	-0.1683538509371374
2022-05-16	0.12416911487662219	-0.2732283505986288
2022-05-17	0.22679584775050898	0.216758396958312
2022-05-18	-0.30264995809920947	-0.15721074720272554
2022-05-19	-0.08164916532814459	-0.038080873595390585
2022-05-20	-0.19046040697617173	-0.18122016715005884
2022-05-21	-0.02998678534379451	0.31459174708481896
2022-05-22	-0.16138486653176187	-0.275028636795696
2022-05-23	-0.04352229637618166	-0.10569059493786881
2022-05-24	0.584501644563943	-0.09461290076365003
2022-05-25	0.34168740895745486	-0.06014785361446684
2022-05-26	0.19127366448435623	-0.06348199696333268
2022-05-27	0.30083530243473433	-0.019455325774629273
2022-05-28	-0.20801238645492504	-0.4282806725211685
2022-05-29	-0.37110560553958294	0.527902188853659
2022-05-30	0.02224406299274051	-0.265649014490009
2022-05-31	-0.05144107579599222	0.11838745456066135
2022-06-01	0.5157909918286805	0.3429383836096349
2022-06-02	0.22420616405179317	0.00605274034296599
2022-06-03	0.005701473264366541	0.03188452009783305
2022-06-04	0.28622349258716895	-0.0871985973997198
2022-06-05	-0.040870964579994506	0.19765697164848461
2022-06-06	0.1488546496887011	-0.4207196531012869
2022-06-07	-0.3430822071596822	-0.5387022513734792
2022-06-08	-0.22724822844679693	-0.682770412935497
2022-06-09	0.3870283859788515	0.21137735830166093
2022-06-10	0.03610733573202651	0.23554885912471946
2022-06-11	-0.29839492591395356	0.02447323936689827
2022-06-12	0.20095517856805145	-0.25956815827612445
2022-06-13	-0.04004673469398767	0.15492256446930242
2022-06-14	-0.06071471869370271	-0.3121639578803297
2022-06-15	-0.23573478541788973	0.31049207981618565
2022-06-16	0.39252614588201595	0.24737741444243966
2022-06-17	-0.23766377185404508	0.2503010381983586
2022-06-18	-0.29658806439226737	-0.27318495665417686
2022-06-19	-0.17936503454859576	0.11209309564492287
2022-06-20	-0.16609746616575194	-0.006781454324141123
2022-06-21	0.059793164218604034	0.4532497999413181
2022-06-22	-0.31795966722097546	0.16519732606866455
2022-06-23	0.31519863193989295	-0.3886837771649425
2022-06-24	0.4513406896589913	0.09154263728134993
2022-06-25	0.39563641667598404	-0.3908273326834433
2022-06-26	0.3272627047427932	-0.09102163809029662
2022-06-27	0.23033627050972427	-0.39732576266862907
2022-06-28	-0.07820562400286235	-0.3805627118764505
2022-06-29	0.21640750217534332	-0.14032691259319563
2022-06-30	0.6934695892067566	0.07498838926937879
2022-07-01	0.46012495327192937	0.2287152104775032
2022-07-02	-0.1146567386570041	0.03507365834707343
2022-07-03	-0.2255474699345541	0.3663475216773122
2022-07-04	0.6503721578960722	0.001178248107635227
2022-07-05	0.37612051894404885	0.12389884265178353
2022-07-06	0.0046789575528691785	0.0033624350579657403
2022-07-07	0.11533146477097489	-0.4139398643902723
2022-07-08	0.2945899363536455	-0.011205502917164267
2022-07-09	0.49538405356588555	-0.019980735744411504
2022-07-10	0.49393420160538426	0.1737815660872002
2022-07-11	0.013853751010628912	-0.3902421348096823
2022-07-12	0.41145209187368437	-0.06290961995080124
2022-07-13	0.03265873244811246	-0.10039173592372208
2022-07-14	-0.40679656770760175	-0.4394172298162857
2022-07-15	-0.21348637804203463	-0.44388335709425064
2022-07-16	0.027430163721874123	-0.464441440348196
2022-07-17	-0.21543976275211207	-0.21354532604084397
2022-07-18	0.0899578320972978	0.106993289335378
2022-07-19	-0.5260265240904118	-0.5022409331772906
2022-07-20	0.17078250042834497	0.20560814642578862
2022-07-21	-0.5661746363166458	-0.1645237632202452
2022-07-22	0.39553316517492476	-0.07186540142265585
2022-07-23	-0.4186263771949825	-0.29690613031868907
2022-07-24	0.3250288508107815	-0.2481969793927874
2022-07-25	0.3207332032186514	-0.6640508251853134
2022-07-26	0.14638207913776569	-0.5637725290350772
2022-07-27	-0.09663773892611971	0.33611111455945775
2022-07-28	0.05105653959230949	-0.026163494493175676
2022-07-29	-0.4555873501450378	-0.08229328235256617
2022-07-30	-0.2697251361993267	0.07907467998609263
2022-07-31	-0.38241786178502934	0.1135476081607294
2022-08-01	-0.30126479228431435	0.2661546834597175
2022-08-02	0.17472131422698567	-0.19648796769558885
2022-08-03	-0.4938364684553562	0.13713146979955582
2022-08-04	0.44745481584618574	0.3956450749885789
2022-08-05	-0.21588290114016218	0.05308430340062387
2022-08-06	-0.06780805288121883	-0.24297274472650088
2022-08-07	0.45340614823658143	-0.48663435988305537
2022-08-08	-0.034523743532872686	-0.2660643111371428
2022-08-09	0.29789817462869905	0.006509608186831883
2022-08-10	0.36829738691710645	-0.45287720151242183
2022-08-11	0.17025687849252336	0.12317602585625309
2022-08-12	0.059211775841276904	-0.613737018295069
2022-08-13	0.2985659827782001	-0.0882526250231308
2022-08-14	-0.4409146960818475	0.14800898910391425
2022-08-15	0.020710185415282467	0.2770850481946354
2022-08-16	-0.4982901741529986	0.128326184996979
2022-08-17	0.02940517246958052	0.14606479095243685
2022-08-18	0.158084065962953	-0.14595508198465268
2022-08-19	0.03722369357888056	0.42466286632463834
2022-08-20	-0.360406208127813	-0.04962913274096081
2022-08-21	0.5247045464103053	-0.49643374485725644
2022-08-22	-0.3817639876059502	-0.37707677725876465
2022-08-23	-0.09512720624684334	-0.6032741888527653
2022-08-24	-0.06508926322612751	-0.2263463056996784
2022-08-25	-0.578702796327093	-0.10782151300759324
2022-08-26	-0.32768711138481876	-0.19321297441604202
2022-08-27	0.2831132698768215	0.11166798879094131
2022-08-28	-0.09452499189632135	0.21196111834262865
2022-08-29	-0.3091120238698295	-0.35603357299993377
2022-08-30	-0.04133548586651159	-0.19118000284851178
2022-08-31	-0.5138753178425759	-0.5827212497744085
2022-09-01	0.1497277180516221	-0.31482670527401524
2022-09-02	-0.423597545669395	-0.4160256906188806
2022-09-03	-0.568500378360909	-0.4400962964903101
2022-09-04	-0.07869128565062056	-0.2904762580770921
2022-09-05	-0.6463432927578197	-0.32767644976104293
2022-09-06	-0.6454158606447891	0.2611099621382209
2022-09-07	-0.6065487440729385	-0.43243525741740996
2022-09-08	-0.6129097891735	-0.0009732135717968049
2022-09-09	-0.014796604256616774	-0.5008763936135665
2022-09-10	0.3052025922603434	0.10386915539277197
2022-09-11	-0.5492934822019606	0.2408647504300916
2022-09-12	-0.28893672392177905	0.3489220772189583
2022-09-13	0.37442232297462397	0.3861677989941654
2022-09-14	-0.4036274860409321	-0.27789767817512256
2022-09-15	-0.17521850675018413	0.25196175040048274
2022-09-16	0.1797995946037645	-0.26154004164015987
2022-09-17	0.2624979946323265	0.378628097957062
2022-09-18	0.5157860152924059	0.6677710199116973
2022-09-19	0.5140090472851853	-0.34416184174904174
2022-09-20	-0.100754860628399	-0.07434983139631868
2022-09-21	-0.25289179555909413	0.015386010506915682
2022-09-22	-0.20760080915511026	0.1306758577817959
2022-09-23	-0.3828283159774628	-0.1517890603303158
2022-09-24	-0.4178466600714046	-0.367404966144818
2022-09-25	-0.15796367840675885	0.06250599055715611
2022-09-26	-0.34614766923539264	0.5473014737624453
2022-09-27	0.5013801312700252	0.24947006043566944
2022-09-28	0.33035201047664486	-0.1455349124140639
2022-09-29	-0.02961781413978315	-0.06399776567548088
2022-09-30	-0.22572832951937016	0.07269767379227687
2022-10-01	0.33046221044060076	0.14228175117636965
2022-10-02	0.0008808924453660438	-0.1657016130335478
2022-10-03	0.19516772903557467	0.011791058499738938
2022-10-04	0.4048526571215234	-0.10482154716419245
2022-10-05	0.2866622288296412	-0.3789145876180555
2022-10-06	0.05719120789262888	-0.40913446919932994
2022-10-07	0.34045510501425724	0.2937005422824086
2022-10-08	-0.24610697148864347	0.33853390490492075
2022-10-09	-0.3804650360057167	0.19322390245599763
2022-10-10	0.10757834131618438	0.170175859982578
2022-10-11	-0.11944320859629443	-0.29328132400655704
2022-10-12	0.3828255562959839	-0.3111849193045373
2022-10-13	-0.6503510316993015	0.40005174362977414
2022-10-14	-0.33590332969288283	0.10274176865834761
2022-10-15	-0.0462264309044258	-0.22289425483245395
2022-10-16	-0.24522428870409385	-0.1995404965986154
2022-10-17	0.2600131563474406	0.06455811318153337
2022-10-18	0.38396057387922156	0.30528321152849003
2022-10-19	-0.4084548885033428	-0.5357014364484485
2022-10-20	0.6146834705198216	-0.32252157385005376
2022-10-21	0.22120320043018182	-0.3921164003772901
2022-10-22	0.7168309663693435	-0.4337217628582266
2022-10-23	0.23400033910058937	0.15963931369924467
2022-10-24	1.1507471034477703	-0.2660650640133895
2022-10-25	0.8355368509995742	0.24034934420842546
2022-10-26	0.5302703943101506	-0.526201157814512
2022-10-27	0.216789059030134	-0.42791687505638265
2022-10-28	0.8101321678771001	0.3151434476094437
2022-10-29	-0.06262698683201506	0.19739352419480838
2022-10-30	-0.47974833498017233	0.20828413784971644
2022-10-31	0.2565963014999397	-0.6202425728002368
2022-11-01	-0.240946656692131	-0.18186489130914651
2022-11-02	0.05034486273439143	-0.517906416264907
2022-11-03	-0.010486637064786919	0.2505173422766802
2022-11-04	0.03787626153973633	-0.47801194619762555
2022-11-05	-0.34836459735686276	-0.35981874794123314
2022-11-06	0.24081529056832096	0.04613449871345665
2022-11-07	-0.41227163283531354	0.02877932888571877
2022-11-08	0.5035814898491253	-0.044216916534935535
2022-11-09	-0.21988731150713647	0.09687557387701418
2022-11-10	-0.04516391212837334	0.14426688522485165
2022-11-11	0.15673907516463714	0.38205658859101277
2022-11-12	-0.447611353438333	0.4315080970813483
2022-11-13	-0.0873785335879802	-0.511845153169304
2022-11-14	0.23195144813962543	-0.10190441441000075
2022-11-15	-0.23733739823740052	0.33067781744983904
2022-11-16	-0.02797158969372049	0.14625302277966057
2022-11-17	-0.026172887144753076	-0.01928757274356485
2022-11-18	0.005261418699205933	0.09482858726136101
2022-11-19	0.23909963124151545	0.2148083108248784
2022-11-20	-0.06879018898257527	-0.3020288096022341
2022-11-21	-0.3686232701411427	-0.06009165050352294
2022-11-20	-0.06879018898257527	-0.3020288096022341
2022-11-21	-0.3686232701411427	-0.06009165050352294
2022-11-22	-0.4004525544129365	-0.44832057385195867
2022-11-23	0.21941312144463154	-0.5150129342986816
2022-11-24	0.21602170581547853	-0.12961730351440792
2022-11-25	0.016441404519241587	0.030833433431098456
2022-11-26	0.1559435080635012	0.17365738026069266
2022-11-27	0.4966800962230309	-0.16481321468813803
2022-11-28	0.1435213263789592	-0.00030228921275465837
2022-11-29	-0.305251257873806	0.09817357100814661
2022-11-30	0.5637541391390641	0.24458278775375675
2022-12-01	0.38968396685368134	-0.5118841245581507
2022-12-02	0.17467165486732483	-0.2157488753666712
2022-12-03	-0.3691533205169435	0.23159845607301577
2022-12-04	0.26851868869835016	0.13493982306897578
2022-12-05	-0.13454482879319585	-0.28275030597774276
2022-12-06	-0.13454482879319585	0.22440660701840898
2022-12-07	0.13275612506402013	-0.4695128891104332
2022-12-08	0.01649341555321371	-0.36371055930271723
2022-12-09	-0.07196874033206768	0.1466798013261723
2022-12-10	-0.5125353441223979	-0.28551571975003753
2022-12-11	-0.06519443335037067	-0.5235494900750837
2022-12-12	0.20668859445004273	0.16864150318269822
2022-12-13	-0.16256967688832447	0.17390354430540356
2022-12-14	-0.036784784093242706	-0.2064799576535279
2022-12-15	-0.6983046152497536	0.4311877400348294
2022-12-16	-0.5580224174277646	0.2556362744355738
2022-12-17	0.0015196524209386553	-0.02158576165152226
2022-12-18	0.16860454128891433	0.1320543611263929
2022-12-19	0.33485692471049333	-0.21480679336923458
2022-12-20	-0.5144319163023283	-0.3291809451784502
2022-12-21	-0.26792139068879806	-0.09057159063604558
2022-12-22	-0.016201645300270684	-0.18329988123900876
2022-12-23	0.38002395020157564	-0.4491961719163555
2022-12-24	0.05830523725285275	-0.24404652731300303
2022-12-25	-0.434309003969247	-0.23454410924477997
2022-12-26	0.33071784719800235	0.40137510673707766
2022-12-27	0.36655935649400817	0.03379389127076138
2022-12-28	-0.47724947942879226	0.35854267160038944
2022-12-29	-0.1018092207200425	0.2998127246316926
2022-12-30	0.21345034658747863	0.4877822820574238
2022-12-31	-0.6457106658447174	0.5688075739619762
2023-01-01	-0.1469194640171736	0.060352774653438246
2023-01-02	-0.10947325909864958	0.10871999458549908
2023-01-03	-0.4493855393591275	-0.20409857884556004
2023-01-04	-0.10181437063465637	0.05007893813399278
2023-01-05	0.18516643302564262	0.7399670755603438
2023-01-06	-0.05093261243177949	-0.3466244817025199
2023-01-07	0.06198642886397465	-0.1593710426036523
2023-01-08	0.27915514877622627	-0.17759903512251185
2023-01-09	-0.0011769144934987708	-0.452724164898882
2023-01-10	-0.20657767199531918	0.028308030979587784
2023-01-11	-0.022069157535042905	0.017775986316678427
2023-01-12	-0.1270694962320249	-0.3940744961737437
2023-01-13	0.6278105024352953	-0.0029082581413604203
2023-01-14	0.6191461031185099	-0.2904228847291961
2023-01-15	-0.02589151811719148	-0.3573216175645939
2023-01-16	0.35886743226069484	0.1228404527598741
2023-01-17	0.32955513161653016	0.4047965321515221
2023-01-18	0.6024513885845408	-0.28924451917851
2023-01-19	-0.23003435390955929	0.008990706604436127
2023-01-20	0.15644495110700518	-0.09730408618156616
2023-01-21	0.20891096852403734	-0.18702313212611443
2023-01-22	-0.10940269314983198	0.33938955607322896
2023-01-23	-0.31475197510394537	0.12345925505564992
2023-01-24	0.4159595477959783	0.2746604641347403
2023-01-25	-0.2699840378029421	0.13897703603538503
2023-01-26	0.21856314954538902	0.3709419427582361
2023-01-27	0.3246177117566731	-0.2915401018793773
2023-01-28	-0.004324933174302714	0.000490045617539181
2023-01-29	-0.27410097130029953	0.47511791740487297
2023-01-30	-0.6498710751826593	0.2667274531465864
2023-01-31	-0.28150651677549376	0.22093603636676562
2023-02-01	0.1043616376623504	0.1935663448281275
2023-02-02	-0.33166004694714957	-0.2625431313425679
2023-02-03	0.05906009711384286	0.21171522336089765
2023-02-04	-0.35206598634567854	0.6093033172929836
2023-02-05	-0.3471400704233929	-0.31205056418571075
2023-02-06	0.3399344229611643	-0.12406041240933519
2023-02-07	-0.02529415002834412	-0.5263392057224792
2023-02-08	0.028327431633556444	-0.24751368502370497
2023-02-09	-0.5809618848960554	0.41299895567669864
2023-02-10	0.28230604156806294	0.15546251155228674
2023-02-11	-0.5508447352910935	0.23490075576239633
2023-02-12	-0.02667990416750854	-0.16122921096007303
2023-02-13	0.49905955024951254	-0.23157565702388183
2023-02-14	-0.43527137202750055	-0.0563777254243405
2023-02-15	-0.006572477143890865	-0.5464172436347781
2023-02-16	-0.2393544440722053	0.2591628108941677
2023-02-17	-0.06140307661712541	-0.2647348648922616
2023-02-18	-0.1655090820854639	-0.06142371006706071
2023-02-19	0.013616430404681523	-0.2062674969317868
2023-02-20	0.3827052762570702	-0.2682764709080061
2023-02-21	-0.5710834188511171	-0.08910154534800085
2023-02-22	-0.4881139227138078	0.28623047857121264
2023-02-23	-0.411096689373494	-0.06550553433015693
2023-02-24	-0.6243333140014329	-0.18414586520657394
2023-02-25	-0.11664403530807022	0.2531328546594409
2023-02-26	0.11346162917891434	-0.043599995343470255
2023-02-27	-0.262690727635686	0.3061167416495323
2023-02-28	-0.2957247789211124	0.14095278897895014
2023-03-01	0.33375282223755676	0.25369525332655485
2023-03-02	0.5310929242272096	-0.04423614015320254
2023-03-03	0.050312812733750434	-0.07718520587258126
2023-03-04	-0.22309016090309797	-0.3829192612914767
2023-03-05	0.23335735777118316	0.4162056570999084
2023-03-06	-0.36127947083679146	-0.04464098809705774
2023-03-07	0.27737170578086534	-0.15985724639182308
2023-03-08	-0.46267532485916263	-0.0248454867225405
2023-03-09	-0.16758103256250934	0.29896466780496667
2023-03-10	0.5114295124010368	-0.4172204735189098
2023-03-11	0.4640777518919208	-0.5810428971446981
2023-03-12	-0.13022983194099425	0.33320332632263217
2023-03-13	-0.2724893598007725	0.4082005266890292
2023-03-14	-0.12117653824918762	-0.3287395847743255
2023-03-15	0.5589176498779125	0.3552631767638559
2023-03-16	0.18997790359213695	0.45969951613324156
2023-03-17	0.2837326436457488	-0.207564153342787
2023-03-18	-0.3216100679630358	0.22322806357368563
2023-03-19	-0.34885974868700487	0.6477607428042802
2023-03-20	-0.03933357266078019	-0.006366897516159042
2023-03-21	-0.09831384902429363	-0.3590804162176937
2023-03-22	-0.11892959320101681	-0.12627354858273065
2023-03-23	0.06297313627226231	-0.18297462577874057
2023-03-24	0.1173586699217708	0.019457279185644438
2023-03-25	0.16739329650818036	0.4806750841017333
2023-03-26	0.2732843240965508	-0.21171643306797705
2023-03-27	0.24620786776046089	0.11659692273065048
2023-03-28	-0.0475902139852451	-0.003849124219470923
2023-03-29	-0.29826678604007384	0.22768368989216015
2023-03-30	-0.18248617633091158	0.07620868345358645
2023-03-31	0.47140280705056625	0.192097463299433
2023-04-01	-0.3678546355984338	0.1724480468620868
2023-04-02	-0.4460251053760942	-0.26940612026214694
2023-04-03	-0.058357280115217236	-0.112443857298274
2023-04-04	-0.09832729992353961	0.26587620107528664
2023-04-05	0.10735266381431074	0.10529523975355914
2023-04-06	0.4139949234210576	0.08812165275060124
2023-04-07	0.3123326090762646	-0.4027861862723512
2023-04-08	0.3032761133359543	-0.16680969314353433
2023-04-09	-0.13450531885388273	0.3101867370041873
2023-04-10	0.24642204191607675	0.44307728727164886
2023-04-11	-0.31305303088512915	0.45214879521455487
2023-04-12	-0.16032302962838685	0.2168298511555804
2023-04-13	-0.33655825484584057	-0.2105555646738253
2023-04-14	0.24240454600078465	0.022563677253401693
2023-04-15	0.3595943255000975	-0.2473035605459586
2023-04-16	0.36678933969196237	0.26232326584232624
2023-04-17	0.36678933969196237	0.26232326584232624
2023-04-18	-0.17573537281342055	0.07988142591761971
2023-04-19	-0.17573537281342055	0.07988142591761971
2023-04-20	-0.2757597619948058	-0.44580579110814256
2023-04-21	-0.2757597619948058	-0.44580579110814256
2023-04-22	-0.6000196284827268	-0.18376030929806575
2023-04-23	0.20780092390475602	0.017151393261826797
2023-04-24	0.20780092390475602	0.017151393261826797
2023-04-25	0.6415285321904491	0.042711893084344865
2023-04-26	0.6415285321904491	0.042711893084344865
2023-04-27	0.3425385749447116	0.559237689825693
2023-04-28	-0.28075960571362657	0.559237689825693
2023-04-29	0.17275508988873867	0.33551364675540185
2023-04-30	0.17275508988873867	0.33551364675540185
2023-05-01	0.17275508988873867	0.33551364675540185
2023-05-02	-0.19968611563089667	-0.1240091670129857
2023-05-03	-0.19968611563089667	-0.1240091670129857
2023-05-04	-0.12604337363521267	0.13534033146487445
2023-05-05	-0.7537329752384494	0.13534033146487445
2023-05-06	0.13022444816269285	0.030311321245307
2023-05-07	0.13022444816269285	0.030311321245307
2023-05-08	0.13022444816269285	0.030311321245307
2023-05-09	0.6873484561505734	-0.114432127738894
2023-05-10	0.6873484561505734	-0.114432127738894
2023-05-11	0.7283606058272198	0.22168943474693492
2023-05-12	0.2979229299529038	0.22168943474693492
2023-05-13	-0.038490741699632736	-0.07696103863744952
2023-05-14	-0.038490741699632736	-0.07696103863744952
2023-05-15	-0.038490741699632736	-0.07696103863744952
2023-05-16	0.03777058054424742	-0.02620336761145836
2023-05-17	0.03777058054424742	-0.02620336761145836
2023-05-18	0.1296665844068059	-0.137517481395534
2023-05-19	0.11664843691713145	-0.137517481395534
2023-05-20	0.45703498716000013	0.3781051169914349
2023-05-21	0.45703498716000013	0.3781051169914349
2023-05-22	0.45703498716000013	0.3781051169914349
2023-05-23	0.44447982167613986	0.03744735042903358
2023-05-24	0.44447982167613986	0.03744735042903358
2023-05-25	0.3141860044096063	0.24150047618738313
2023-05-26	0.3141860044096063	0.24150047618738313
2023-05-27	0.1687032529274859	0.061828408210743646
2023-05-28	0.1687032529274859	0.061828408210743646
2023-05-29	0.1687032529274859	0.061828408210743646
2023-05-30	0.25015632739840044	-0.05973373538307669
2023-05-31	0.25015632739840044	-0.05973373538307669
2023-06-01	-0.24941765938456228	0.17080871340365888
2023-06-02	-0.24941765938456228	0.17080871340365888
2023-06-03	0.2308150092203789	-0.1282557544237477
2023-06-04	0.2308150092203789	-0.1282557544237477
2023-06-05	0.2308150092203789	-0.1282557544237477
2023-06-06	0.026268650513344483	0.3651059441858422
2023-06-07	0.026268650513344483	0.3651059441858422
2023-06-08	0.3077573745418931	0.27085190596167763
2023-06-09	0.3077573745418931	0.27085190596167763
2023-06-10	-0.10654641769369277	0.19649109350243066
2023-06-11	-0.10654641769369277	0.19649109350243066
2023-06-12	-0.10654641769369277	0.19649109350243066
2023-06-13	-0.7141222622485088	-0.15446822746665134
2023-06-14	0.045313355925486576	0.3259190839918915
2023-06-15	0.3179246670194402	-0.3128053876955619
