Sample Date	Southern	Northern	Southern 7 day avg	Northern 7 day avg
2020-03-09		29		
2020-03-10	38	15		21
2020-03-11	31	65	34	31
2020-03-12	25	36	31	32
2020-03-13			31	32
2020-03-14	16	27	26	31
2020-03-15	39	53	28	34
2020-03-16	33	23	29	32
2020-03-17	106	78	35	43
2020-03-18	65	45	39	40
2020-03-19	19	49	37	42
2020-03-20			37	42
2020-03-21			44	46
2020-03-22			45	45
2020-03-23	146	380	66	90
2020-03-24		321	56	129
2020-03-25	30	228	43	192
2020-03-26	370	39	117	182
2020-03-27	34	299	86	201
2020-03-28			86	201
2020-03-29			86	201
2020-03-30	46	219	64	180
2020-03-31			64	155
2020-04-01	143	475	95	187
2020-04-02			61	315
2020-04-03	233	438	116	357
2020-04-04			116	357
2020-04-05			116	357
2020-04-06			182	456
2020-04-07	310	562	218	489
2020-04-08			269	496
2020-04-09	501	784	331	578
2020-04-10			394	664
2020-04-11			394	664
2020-04-12			394	664
2020-04-13			394	664
2020-04-14	389	702	441	742
2020-04-15			441	742
2020-04-16	138	321	232	474
2020-04-17	164	360	206	433
2020-04-18			206	433
2020-04-19			206	433
2020-04-20			206	433
2020-04-21			150	340
2020-04-22	220	541	171	397
2020-04-23	179	283	186	381
2020-04-24			199	391
2020-04-25			199	391
2020-04-26			199	391
2020-04-27	130		173	391
2020-04-28	97	293	149	355
2020-04-29			131	288
2020-04-30			112	293
2020-05-01			112	293
2020-05-02			112	293
2020-05-03	209	93	138	165
2020-05-04			142	165
2020-05-05	97	94	142	94
2020-05-06	5	22	47	58
2020-05-07			47	58
2020-05-08			47	58
2020-05-09			47	58
2020-05-10			22	46
2020-05-11	164		43	46
2020-05-12			29	22
2020-05-13				
2020-05-14				
2020-05-15				
2020-05-16				
2020-05-17				
2020-05-18				
2020-05-19				
2020-05-20				
2020-05-21	82	42		
2020-05-22	426	244		
2020-05-23	77	69		
2020-05-24	79	52	121	78
2020-05-25	66	42	107	69
2020-05-26	97	38	105	62
2020-05-27	197	81	115	65
2020-05-28	50	35	107	63
2020-05-29	28	49	73	50
2020-05-30	66		71	47
2020-05-31	79	37	71	45
2020-06-01	82	60	73	48
2020-06-02	194	95	81	55
2020-06-03	35	40	63	49
2020-06-04	47	32	63	49
2020-06-05	44	45	67	48
2020-06-06	19	46	56	48
2020-06-07	24	27	47	45
2020-06-08	26	19	40	39
2020-06-09	52	167	33	42
2020-06-10	75	68	37	45
2020-06-11	40	134	36	56
2020-06-12	45	78	36	60
2020-06-13	77	180	44	73
2020-06-14	36		47	86
2020-06-15	38	141	50	120
2020-06-16	60	118	51	113
2020-06-17	19	13	42	86
2020-06-18	16	21	37	63
2020-06-19	11	37	30	56
2020-06-20	12	25	23	40
2020-06-21	22	26	21	38
2020-06-22	24		20	30
2020-06-23	16	22	17	23
2020-06-24	5	10	14	22
2020-06-25	9	16	12	21
2020-06-26	9	11	12	17
2020-06-27	20	15	13	16
2020-06-28	8	19	11	15
2020-06-29	20	15	11	15
2020-06-30	12	22	11	15
2020-07-01	15	27	12	17
2020-07-02	52	29	16	19
2020-07-03	20	43	18	23
2020-07-04	35	15	19	23
2020-07-05	11	13	20	21
2020-07-06	17	34	20	24
2020-07-07	24	37	22	26
2020-07-08	14	30	22	26
2020-07-09	27	21	20	25
2020-07-10	9	36	18	24
2020-07-11	24	21	17	26
2020-07-12	27	46	19	31
2020-07-13	25	32	20	31
2020-07-14	17	32	19	30
2020-07-15	35	30	22	30
2020-07-16	23	25	21	31
2020-07-17	22	43	24	32
2020-07-18	42	26	26	32
2020-07-19	23	14	26	27
2020-07-20	31	20	27	26
2020-07-21	12	17	25	24
2020-07-22	35	28	25	23
2020-07-23	15	23	24	23
2020-07-24	26	57	24	24
2020-07-25	24	41	22	26
2020-07-26	14	33	21	29
2020-07-27	28	31	20	31
2020-07-28			22	34
2020-07-29	30	24	22	33
2020-07-30			24	35
2020-07-31	29	81	24	38
2020-08-01			24	37
2020-08-02			29	39
2020-08-03	109	109	46	59
2020-08-04	74	47	51	56
2020-08-05	101	43	70	65
2020-08-06	27	48	57	61
2020-08-07	18	41	52	53
2020-08-08			52	53
2020-08-09			52	53
2020-08-10	42	62	43	48
2020-08-11			38	48
2020-08-12	27	57	27	52
2020-08-13			27	53
2020-08-14	18	45	27	55
2020-08-15			27	55
2020-08-16			27	55
2020-08-17	24	44	23	48
2020-08-18			23	48
2020-08-19	50	87	28	56
2020-08-20			28	56
2020-08-21	35	60	35	61
2020-08-22			35	61
2020-08-23			35	61
2020-08-24	21	38	33	58
2020-08-25			33	58
2020-08-26	31	48	28	48
2020-08-27			28	48
2020-08-28	38	60	29	48
2020-08-29			29	48
2020-08-30			29	48
2020-08-31	47	61	38	56
2020-09-01			38	56
2020-09-02	54	144	46	81
2020-09-03			46	81
2020-09-04	52	138	51	107
2020-09-05			51	107
2020-09-06			51	107
2020-09-07	65	59	57	105
2020-09-08			57	105
2020-09-09	71	46	62	72
2020-09-10	38	59	55	69
2020-09-11	52	46	55	52
2020-09-12	19	51	44	52
2020-09-13	25	44	40	51
2020-09-14	27	49	35	49
2020-09-15	70	45	38	48
2020-09-16	68	48	38	49
2020-09-17	36	54	38	48
2020-09-18	45	75	37	51
2020-09-19	53	31	43	48
2020-09-20	85	32	51	46
2020-09-21	61	24	58	41
2020-09-22	41	44	53	41
2020-09-23	46	41	51	40
2020-09-24	46	31	52	37
2020-09-25	60	34	55	33
2020-09-26			55	34
2020-09-27			50	34
2020-09-28	46	43	47	38
2020-09-29			49	37
2020-09-30	58	21	52	31
2020-10-01			54	31
2020-10-02	68	34	57	31
2020-10-03			57	31
2020-10-04			57	31
2020-10-05	63	38	63	30
2020-10-06			63	30
2020-10-07	59	70	63	45
2020-10-08			63	45
2020-10-09	66	56	63	53
2020-10-10			63	53
2020-10-11			63	53
2020-10-12	63	52	63	59
2020-10-13			63	59
2020-10-14	103	71	76	59
2020-10-15			76	59
2020-10-16	105	101	88	72
2020-10-17			88	72
2020-10-18	121	263	95	99
2020-10-19	259	116	136	122
2020-10-20	175	130	143	123
2020-10-21	271	95	173	131
2020-10-22	214	131	179	131
2020-10-23	120	103	183	131
2020-10-24	118	132	172	132
2020-10-25	179	126	182	118
2020-10-26	120	120	163	119
2020-10-27	173	129	163	119
2020-10-28	156	190	150	131
2020-10-29	92	97	133	126
2020-10-30	134	201	135	138
2020-10-31	68	148	125	140
2020-11-01	145	139	122	142
2020-11-02	181	186	129	151
2020-11-03	256	317	136	172
2020-11-04	177	183	139	171
2020-11-05	269	354	162	206
2020-11-06	206	207	172	207
2020-11-07	240	221	206	219
2020-11-08	270	322	225	247
2020-11-09	273	226	239	254
2020-11-10	291	339	243	257
2020-11-11	244	396	255	287
2020-11-12	341	318	263	282
2020-11-13	255	301	272	298
2020-11-14	359	313	288	313
2020-11-15	382	286	302	307
2020-11-16	300	311	307	322
2020-11-17	428	412	324	331
2020-11-18	380	353	345	325
2020-11-19	211	384	322	334
2020-11-20	305	371	330	344
2020-11-21	270	385	317	355
2020-11-22	411	435	320	377
2020-11-23	553	267	350	369
2020-11-24	526	518	360	381
2020-11-25	497	459	374	395
2020-11-26	1052	495	471	410
2020-11-27	568	561	515	435
2020-11-28	748	546	595	457
2020-11-29	646	520	635	469
2020-11-30	771	675	666	536
2020-12-01	537	862	668	576
2020-12-02	431	857	655	630
2020-12-03	824	888	632	685
2020-12-04	1578	1384	732	779
2020-12-05	647	956	716	844
2020-12-06	1042	1035	767	931
2020-12-07	1135	1219	811	1013
2020-12-08	827	725	862	988
2020-12-09	784	629	939	945
2020-12-10	954	812	959	933
2020-12-11	882	1146	883	909
2020-12-12	764	1023	904	918
2020-12-13	1013	1356	900	954
2020-12-14	1272	1195	915	951
2020-12-15	790	202	909	792
2020-12-16	922	877	930	831
2020-12-17	1143	1111	955	869
2020-12-18	793	1048	940	858
2020-12-19	674	1176	924	875
2020-12-20	950	897	915	825
2020-12-21	923	775	874	775
2020-12-22	999	995	904	974
2020-12-23	1058	841	922	968
2020-12-24	844	985	883	952
2020-12-25	851	907	892	932
2020-12-26	531	551	862	836
2020-12-27	309	1208	734	873
2020-12-28	813	1448	721	954
2020-12-29	1014	774	722	921
2020-12-30	922	1451	708	995
2020-12-31	831	792	707	965
2021-01-01	733	473	692	879
2021-01-02	820	367	736	829
2021-01-03	1120	395	885	707
2021-01-04	1154	546	931	615
2021-01-05	972	942	925	632
2021-01-06	1323	1061	974	605
2021-01-07	1061	1051	1008	630
2021-01-08	1747	1329	1141	730
2021-01-09	1803	1411	1278	885
2021-01-10	1717	1180	1358	1034
2021-01-11	2069	1013	1476	1130
2021-01-12	902	920	1460	1126
2021-01-13	1122	983	1426	1114
2021-01-14	943	951	1403	1098
2021-01-15	750	1112	1243	1071
2021-01-16	971	672	1138	963
2021-01-17	959	581	1047	870
2021-01-18	1141	603	962	808
2021-01-19	1255	966	1008	814
2021-01-20	619	422	926	721
2021-01-21	494	591	844	674
2021-01-22	670	690	831	629
2021-01-23	1085	866	844	653
2021-01-24	1777	663	922	665
2021-01-25	3772	631	1094	669
2021-01-26	708	290	1008	564
2021-01-27	269	350	894	549
2021-01-28	747	421	949	523
2021-01-29	706	329	956	470
2021-01-30	465	490	847	434
2021-01-31	444	397	695	403
2021-02-01	499	363	520	372
2021-02-02	422	274	483	369
2021-02-03	360	283	504	358
2021-02-04	360	249	454	332
2021-02-05	270	366	396	338
2021-02-06	519	434	402	332
2021-02-07	750	295	433	318
2021-02-08	492	412	432	324
2021-02-09	347	315	420	330
2021-02-10	213	225	390	320
2021-02-11	471	382	405	340
2021-02-12	286	358	409	339
2021-02-13	265	285	371	319
2021-02-14	543	283	355	317
2021-02-15	500	155	355	276
2021-02-16	663	190	390	257
2021-02-17	326	232	414	258
2021-02-18	476	412	415	261
2021-02-19	256	579	408	279
2021-02-20	318	182	419	262
2021-02-21	848	308	447	265
2021-02-22	687	386	468	302
2021-02-23	279	163	413	295
2021-02-24	306	260	409	300
2021-02-25	159	193	350	269
2021-02-26	135	124	320	216
2021-02-27	385	243	328	225
2021-02-28	356	211	290	213
2021-03-01	409	251	269	201
2021-03-02	270	218	268	209
2021-03-03	291	279	266	211
2021-03-04	797	332	335	228
2021-03-05	417	287	394	257
2021-03-06	352	190	389	248
2021-03-07	307	191	381	245
2021-03-08	399	284	379	249
2021-03-09	236	217	372	249
2021-03-10	206	208	354	239
2021-03-11	326	185	311	220
2021-03-12	300	364	297	227
2021-03-13	272	366	286	249
2021-03-14	362	235	293	257
2021-03-15	447	310	298	260
2021-03-16	374	216	318	260
2021-03-17	260	266	329	269
2021-03-18	328	415	329	302
2021-03-19	281	259	326	288
2021-03-20	338	382	337	290
2021-03-21	710	227	371	288
2021-03-22	566	286	383	285
2021-03-23	287	286	369	296
2021-03-24	431	245	397	293
2021-03-25	227	266	376	275
2021-03-26	340	209	387	267
2021-03-27	435	313	401	259
2021-03-28	406	218	370	258
2021-03-29	441	276	357	257
2021-03-30	335	212	365	246
2021-03-31	300	107	347	218
2021-04-01	538	233	392	214
2021-04-02	434	246	406	219
2021-04-03	264	177	378	202
2021-04-04	249	388	353	220
2021-04-05	390	273	346	219
2021-04-06	425	233	358	222
2021-04-07	261	222	351	247
2021-04-08	284	247	321	249
2021-04-09	392	300	316	256
2021-04-10	441	349	340	282
2021-04-11	471	287	373	270
2021-04-12	242	338	348	278
2021-04-13	253	170	323	266
2021-04-14	356	240	338	269
2021-04-15	330	237	345	267
2021-04-16	245	178	323	248
2021-04-17	214	271	291	240
2021-04-18	340	245	278	234
2021-04-19	177	181	266	214
2021-04-20	198	131	257	207
2021-04-21	203	158	237	194
2021-04-22	355	108	239	174
2021-04-23	192	80	231	155
2021-04-24	287	127	241	139
2021-04-25	238	176	229	133
2021-04-26	209	154	235	130
2021-04-27	139	107	223	126
2021-04-28	157	102	215	118
2021-04-29	231	133	202	122
2021-04-30	154	78	196	121
2021-05-01	109	97	171	117
2021-05-02	214	75	168	103
2021-05-03	100	67	151	92
2021-05-04	89	91	142	90
2021-05-05	141	84	140	87
2021-05-06	110	96	126	83
2021-05-07	69	69	112	82
2021-05-08	45	75	99	79
2021-05-09	55	87	81	81
2021-05-10	86	66	80	80
2021-05-11	40	23	71	66
2021-05-12	36	60	58	63
2021-05-13	78	62	56	59
2021-05-14	72	56	56	57
2021-05-15	70	49	60	54
2021-05-16	82	36	63	48
2021-05-17	73	44	62	45
2021-05-18	102	29	71	46
2021-05-19	67	31	77	42
2021-05-20	60	57	74	42
2021-05-21	56	48	72	41
2021-05-22	38	43	66	40
2021-05-23	42	18	60	36
2021-05-24	61	40	58	36
2021-05-25	56	30	53	36
2021-05-26	35	20	49	34
2021-05-27	41	21	46	29
2021-05-28	34	26	43	27
2021-05-29	30	12	42	22
2021-05-30	28	21	39	23
2021-05-31	32	15	36	20
2021-06-01	36	30	34	20
2021-06-02	24	28	32	21
2021-06-03	25	24	30	21
2021-06-04	36	20	30	20
2021-06-05		38	30	24
2021-06-06	19	24	28	25
2021-06-07	27	29	27	27
2021-06-08	17	15	24	24
2021-06-09	26	14	24	22
2021-06-10	23	33	24	23
2021-06-11	44	40	25	25
2021-06-12	20	32	24	25
2021-06-13	19	20	24	24
2021-06-14	15	11	22	21
2021-06-15	7	9	19	20
2021-06-16	6	13	16	19
2021-06-17	19	16	15	18
2021-06-18	7	16	12	15
2021-06-19	6	11	10	13
2021-06-20	88	15	13	13
2021-06-21	23	19	13	14
2021-06-22	13	17	15	15
2021-06-23	11	18	16	16
2021-06-24	ND	33	12	17
2021-06-25	5	31	11	19
2021-06-26	18	14	13	20
2021-06-27	7	13	9	20
2021-06-28	17	52	9	23
2021-06-29	87	56	11	27
2021-06-30	106	23	16	28
2021-07-01	4	19	17	26
2021-07-02	27	40	21	27
2021-07-03	28	45	23	31
2021-07-04	30	61	28	39
2021-07-05	53	28	33	36
2021-07-06	39	27	29	32
2021-07-07	ND	38	17	35
2021-07-08	52	50	25	40
2021-07-09	42	76	26	44
2021-07-10	51	73	29	47
2021-07-11	96	52	34	46
2021-07-12	62	87	35	54
2021-07-13	59	ND	37	38
2021-07-14	54	102	58	44
2021-07-15	29	59	53	45
2021-07-16	65	80	56	45
2021-07-17	103	57	62	44
2021-07-18	101	118	63	49
2021-07-19	97	163	67	54
2021-07-20	42	126	64	94
2021-07-21	80	167	67	101
2021-07-22	95	136	80	114
2021-07-23	188	202	93	130
2021-07-24	215	148	103	149
2021-07-25	260	249	118	166
2021-07-26	302	263	139	178
2021-07-27	235	181	178	187
2021-07-28	243	279	209	202
2021-07-29	161	200	225	213
2021-07-30	209	184	228	210
2021-07-31	475	135	256	207
2021-08-01	504	223	281	204
2021-08-02	561	213	307	198
2021-08-03	222	171	305	196
2021-08-04	95	144	267	179
2021-08-05	544	161	317	173
2021-08-06	202	186	316	173
2021-08-07	330	665	300	218
2021-08-08	465	659	296	254
2021-08-09	563	691	296	301
2021-08-10	405	329	323	330
2021-08-11	202	240	359	355
2021-08-12	287	681	328	437
2021-08-13	303	376	348	483
2021-08-14	293	363	342	443
2021-08-15	308	306	322	397
2021-08-16	305	325	295	356
2021-08-17	229	335	272	357
2021-08-18	153	229	261	355
2021-08-19	301	227	263	303
2021-08-20	274	320	260	296
2021-08-21	178	695	242	325
2021-08-22	245	315	234	327
2021-08-23	178	249	217	314
2021-08-24	178	290	209	308
2021-08-25	451	385	244	332
2021-08-26	344	383	249	358
2021-08-27	416	444	264	375
2021-08-28	603	408	314	347
2021-08-29	463	304	344	346
2021-08-30	532	320	402	358
2021-08-31	779	347	497	367
2021-09-01	334	164	476	325
2021-09-02	262	205	458	298
2021-09-03	145	326	394	285
2021-09-04	388	266	370	268
2021-09-05	394	239	361	259
2021-09-06	183	281	310	254
2021-09-07	251	221	264	238
2021-09-08	309	170	261	239
2021-09-09	163	170	244	233
2021-09-10	239	65	262	185
2021-09-11	371	189	260	176
2021-09-12	376	217	259	174
2021-09-13	301	133	278	156
2021-09-14	364	675	293	183
2021-09-15	253	330	285	201
2021-09-16	251	494	303	235
2021-09-17	292	493	311	313
2021-09-18	253	571	295	367
2021-09-19	359	395	293	400
2021-09-20	297	312	292	451
2021-09-21	165	254	261	393
2021-09-22	221	195	256	364
2021-09-23	108	218	227	324
2021-09-24	131	187	202	282
2021-09-25	237	450	200	273
2021-09-26	356	218	200	251
2021-09-27	437	307	211	250
2021-09-28	275	270	228	252
2021-09-29	196	272	224	264
2021-09-30	296	477	258	296
2021-10-01	209	335	276	321
2021-10-02	429	366	301	312
2021-10-03	570	381	322	338
2021-10-04	417	324	320	341
2021-10-05	396	377	337	357
2021-10-06	677	184	402	338
2021-10-07	233	260	388	310
2021-10-08	528	415	443	319
2021-10-09	331	306	427	311
2021-10-10	335	381	396	311
2021-10-11	423	345	396	314
2021-10-12	437	216	402	290
2021-10-13	276	190	354	291
2021-10-14	444	207	388	282
2021-10-15	308	243	359	261
2021-10-16	245	185	344	243
2021-10-17	188	131	317	209
2021-10-18	227	161	290	187
2021-10-19	152	189	249	184
2021-10-20	324	300	255	196
2021-10-21	300	344	241	211
2021-10-22	278	351	238	222
2021-10-23	557	436	267	251
2021-10-24	518	495	309	304
2021-10-25	368	298	331	332
2021-10-26	262	240	358	343
2021-10-27	342	316	361	346
2021-10-28	352	451	369	359
2021-10-29	466	554	397	384
2021-10-30	266	214	357	347
2021-10-31	265	109	325	279
2021-11-01	289	352	314	286
2021-11-02	205	423	303	310
2021-11-03	157	533	271	334
2021-11-04	422	538	278	342
2021-11-05	466	496	278	337
2021-11-06	362	340	291	360
2021-11-07	448	295	313	415
2021-11-08	496	317	339	409
2021-11-09	374	285	369	386
2021-11-10	571	546	444	388
2021-11-11	565	291	463	355
2021-11-12	418	529	456	358
2021-11-13	576	717	487	399
2021-11-14	1285	760	566	456
2021-11-15	1114	845	635	525
2021-11-16	488	430	659	557
2021-11-17	601	801	664	588
2021-11-18	501	877	653	689
2021-11-19	685	363	701	653
2021-11-20	597	540	704	627
2021-11-21	438	684	604	618
2021-11-22	497	443	538	563
2021-11-23	349	747	513	609
2021-11-24	707	910	525	620
2021-11-25	843	927	566	625
2021-11-26	818	382	580	630
2021-11-27	699	967	593	685
2021-11-28	1203	901	686	712
2021-11-29	1242	1066	781	807
2021-11-30	1453	1204	958	864
2021-12-01	2333	1509	1136	929
2021-12-02	2219	1163	1305	960
2021-12-03	1278	858	1391	1077
2021-12-04	3480	1223	1749	1114
2021-12-05	1864	1905	1862	1240
2021-12-06	2926	1093	2104	1244
2021-12-07	1656	1112	2144	1230
2021-12-08	1152	1126	1938	1180
2021-12-09	1101	1105	1754	1171
2021-12-10	1566	1257	1805	1237
2021-12-11	1177	1363	1546	1256
2021-12-12	1962	1040	1557	1152
2021-12-13	1148	2511	1363	1298
2021-12-14	1642	765	1361	1230
2021-12-15	1187	1211	1367	1243
2021-12-16	1932	1751	1481	1328
2021-12-17	1865	2466	1518	1462
2021-12-18	2273	1908	1668	1534
2021-12-19	2441	2111	1721	1697
2021-12-20	3435	2373	2013	1683
2021-12-21	2109	2109	2086	1945
2021-12-22	1837	2277	2220	2129
2021-12-23	5435	4189	2574	2411
2021-12-24	5696	5383	3019	2696
2021-12-25	8791	6196	3662	3190
2021-12-26	9314	4572	4435	3562
2021-12-27	13209	8980	5375	4308
2021-12-28	10754	10243	6784	5399
2021-12-29	6713	6873	8164	6322
2021-12-30	11946	8435	9136	6987
2021-12-31	14643	9175	10455	7540
2022-01-01	11502	6568	10865	7604
2022-01-02	13282	7773	11430	8202
2022-01-03	13342	10196	11446	8353
2022-01-04	6670	8264	10691	8100
2022-01-05	10588	10833	11410	8644
2022-01-06	7579	6549	10692	8337
2022-01-07	5944	4705	9400	7579
2022-01-08	6624	3640	8688	6966
2022-01-09	5758	3807	7710	6291
2022-01-10	5595	2319	6810	5091
2022-01-11	5223	2813	6576	4365
2022-01-12	3582	2216	5633	3479
2022-01-13	4097	2562	5159	3043
2022-01-14	4661	3525	4983	2920
2022-01-15	2005	1737	4201	2627
2022-01-16	2067	1586	3629	2318
2022-01-17	2873	2411	3299	2331
2022-01-18	1854	1489	2846	2129
2022-01-19	2085	1766	2634	2061
2022-01-20	1863	1245	2353	1859
2022-01-21	1693	1220	2036	1597
2022-01-22	2240	1549	2069	1571
2022-01-23	1819	1420	2031	1547
2022-01-24	2381	1327	1978	1420
2022-01-25	1416	830	1903	1307
2022-01-26	672	904	1619	1187
2022-01-27	1106	1426	1503	1211
2022-01-28	715	821	1328	1144
2022-01-29	1693	1132	1276	1094
2022-01-30	1234	1066	1207	1050
2022-01-31	1388	1053	1118	1016
2022-02-01	455	453	951	932
2022-02-02	386	334	878	808
2022-02-03	522	392	789	672
2022-02-04	450	422	739	611
2022-02-05	574	716	633	572
2022-02-06	412	336	541	485
2022-02-07	543	292	473	404
2022-02-08	273	110	440	330
2022-02-09	340	235	432	314
2022-02-10	309	233	401	292
2022-02-11	159	247	345	270
2022-02-12	149	140	285	214
2022-02-13	157	129	248	187
2022-02-14	165	94	209	159
2022-02-15	121	90	186	154
2022-02-16	92	206	154	151
2022-02-17	75	135	126	140
2022-02-18	96	124	117	127
2022-02-19	118	140	114	127
2022-02-20	176	101	116	122
2022-02-21	164	127	115	128
2022-02-22	118	124	115	134
2022-02-23	152	80	124	117
2022-02-24	91	138	127	117
2022-02-25	129	160	133	122
2022-02-26	106	113	130	118
2022-02-27	61	75	112	113
2022-02-28	90	102	103	109
2022-03-01	53	77	92	102
2022-03-02	160	170	93	114
2022-03-03	129	105	97	109
2022-03-04	154	121	100	105
2022-03-05	160	105	106	104
2022-03-06	102	80	114	105
2022-03-07	110	84	117	102
2022-03-08	121	105	132	107
2022-03-09	167	118	132	101
2022-03-10	94	139	127	106
2022-03-11	213	148	133	109
2022-03-12	134	105	129	109
2022-03-13	142	104	136	113
2022-03-14	145	115	141	118
2022-03-15	154	115	146	120
2022-03-16	124	182	140	127
2022-03-17	107	165	143	130
2022-03-18	162	162	137	132
2022-03-19	164	138	141	137
2022-03-20	160	96	144	136
2022-03-21	115	133	139	139
2022-03-22	102	161	131	146
2022-03-23	135	249	133	152
2022-03-24	149	231	139	160
2022-03-25	244	283	147	173
2022-03-26	168	236	148	187
2022-03-27	177	212	150	209
2022-03-28	200	230	162	226
2022-03-29	248	188	184	231
2022-03-30	206	371	196	244
2022-03-31	205	345	205	259
2022-04-01	478	316	226	263
2022-04-02	548	370	267	280
2022-04-03	308	358	289	302
2022-04-04	275	291	303	313
2022-04-05	308	431	312	352
2022-04-06	632	589	367	376
2022-04-07	352	385	396	382
2022-04-08	652	411	414	397
2022-04-09	473	483	405	412
2022-04-10	485	397	432	418
2022-04-11	576	565	480	460
2022-04-12	552	630	522	486
2022-04-13	554	647	512	492
2022-04-14	480	851	536	551
2022-04-15	725	752	544	601
2022-04-16	1238	640	624	625
2022-04-17	708	654	659	672
2022-04-18	624	572	666	673
2022-04-19	603	641	675	675
2022-04-20	378	456	639	642
2022-04-21	523	571	647	606
2022-04-22	530	624	619	590
2022-04-23	426	524	531	574
2022-04-24	1021	471	560	547
2022-04-25	641	471	562	532
2022-04-26	546	426	554	502
2022-04-27	487	623	574	525
2022-04-28	513	505	573	516
2022-04-29	696	833	595	537
2022-04-30	674	697	636	560
2022-05-01	544	493	581	564
2022-05-02	865	662	606	592
2022-05-03	576	561	611	615
2022-05-04	592	751	628	632
2022-05-05	756	953	664	692
2022-05-06	881	789	687	687
2022-05-07	849	797	710	700
2022-05-08	829	952	754	769
2022-05-09	1435	853	810	797
2022-05-10	863	922	858	856
2022-05-11	835	995	902	891
2022-05-12	2072	1670	1041	965
2022-05-13	1404	1285	1113	1035
2022-05-14	1508	1356	1209	1117
2022-05-15	1302	982	1289	1122
2022-05-16	1493	1143	1296	1170
2022-05-17	1046	1669	1332	1273
2022-05-18	745	696	1311	1210
2022-05-19	809	784	1146	1086
2022-05-20	818	1243	1061	1081
2022-05-21	766	906	963	1020
2022-05-22	1174	1151	949	1044
2022-05-23	1249	1077	925	1035
2022-05-24	690	743	871	922
2022-05-25	632	561	851	894
2022-05-26	808	1368	851	968
2022-05-27	1138	1043	892	944
2022-05-28	453	1031	828	962
2022-05-29	705	1246	770	972
2022-05-30	888	919	733	951
2022-05-31	670	1375	730	1038
2022-06-01	577	791	720	1090
2022-06-02	976	696	740	990
2022-06-03	801	951	704	977
2022-06-04	620	532	736	889
2022-06-05	683	366	733	746
2022-06-06	848	435	728	671
2022-06-07	762	571	742	592
2022-06-08	369	636	696	574
2022-06-09	714	549	665	554
2022-06-10	815	619	667	521
2022-06-11	651	785	672	551
2022-06-12	932	932	702	630
2022-06-13	691	245	682	580
2022-06-14	499	461	642	563
2022-06-15	1044	1392	745	629
2022-06-16	635	1468	732	724
2022-06-17	405	584	663	718
2022-06-18	363	433	610	660
2022-06-19	1335	509	642	605
2022-06-20	560	532	623	676
2022-06-21	457	568	615	696
2022-06-22	526	611	558	619
2022-06-23	564	789	548	567
2022-06-24	478	648	561	575
2022-06-25	510	738	589	621
2022-06-26	826	688	550	648
2022-06-27	851	536	584	649
2022-06-28	724	562	624	648
2022-06-29	430	606	606	647
2022-06-30	529	607	600	623
2022-07-01	909	428	658	587
2022-07-02	736	800	694	594
2022-07-03	1281	741	739	600
2022-07-04	850	751	738	630
2022-07-05	573	813	714	664
2022-07-06	540	800	738	691
2022-07-07	400	871	709	728
2022-07-08	666	861	678	804
2022-07-09	715	793	675	803
2022-07-10	723	579	622	775
2022-07-11	627	676	596	764
2022-07-12	717	808	615	763
2022-07-13	959	822	668	766
2022-07-14	693	742	723	749
2022-07-15	707	592	729	710
2022-07-16	513	592	695	681
2022-07-17	645	683	684	697
2022-07-18	511	509	664	669
2022-07-19	791	533	674	631
2022-07-20	576	482	626	584
2022-07-21	885	586	649	565
2022-07-22	655	695	641	578
2022-07-23	579	479	653	561
2022-07-24	590	530	644	541
2022-07-25	667	554	669	548
2022-07-26	485	576	624	554
2022-07-27	513	648	614	577
2022-07-28	560	605	575	580
2022-07-29	667	571	577	564
2022-07-30	442	492	555	566
2022-07-31	783	486	578	559
2022-08-01	771	453	590	543
2022-08-02	623	580	611	544
2022-08-03	564	481	620	521
2022-08-04	669	599	635	520
2022-08-05	461	349	603	485
2022-08-06	544	449	621	479
2022-08-07	544	424	589	470
2022-08-08	525	403	558	462
2022-08-09	425	492	528	451
2022-08-10	603	428	533	444
2022-08-11	633	664	529	450
2022-08-12	425	504	523	475
2022-08-13	382	648	497	500
2022-08-14	375	575	472	522
2022-08-15	350	393	445	520
2022-08-16	435	417	447	508
2022-08-17	456	648	429	539
2022-08-18	424	762	405	550
2022-08-19	645	397	430	531
2022-08-20	740	266	473	468
2022-08-21	576	546	502	465
2022-08-22	599	499	543	481
2022-08-23	420	392	540	477
2022-08-24	355	407	521	446
2022-08-25	383	461	514	415
2022-08-26	564	340	504	406
2022-08-27	993	339	525	420
2022-08-28	385	356	496	395
2022-08-29	380	460	465	391
2022-08-30	635	503	493	405
2022-08-31	894	758	563	443
2022-09-01	391	533	564	452
2022-09-02	560	728	564	504
2022-09-03	667	736	533	563
2022-09-04	651	557	574	600
2022-09-05	619	572	616	619
2022-09-06	760	473	632	613
2022-09-07	496	735	581	611
2022-09-08	705	826	632	650
2022-09-09	724	701	655	647
2022-09-10	752	485	666	609
2022-09-11	612	684	661	627
2022-09-12	805	489	686	613
2022-09-13	476	573	641	630
2022-09-14	1110	851	720	644
2022-09-15	647	595	711	614
2022-09-16	427	375	659	562
2022-09-17	706	495	653	563
2022-09-18	539	450	641	530
2022-09-19	779	384	638	513
2022-09-20	673	537	671	508
2022-09-21	770	731	637	497
2022-09-22	1044	714	682	510
2022-09-23	1204	988	791	586
2022-09-24	916	1357	821	677
2022-09-25	1293	875	930	744
2022-09-26	1231	608	993	794
2022-09-27	1421	828	1104	845
2022-09-28	1094	1272	1161	915
2022-09-29	889	825	1135	934
2022-09-30	1016	700	1108	889
2022-10-01	1471	714	1185	811
2022-10-02	897	959	1125	822
2022-10-03	716	751	1041	847
2022-10-04	887	862	973	852
2022-10-05	865	979	941	821
2022-10-06	836	536	933	772
2022-10-07	1130	544	947	744
2022-10-08	1635	925	962	772
2022-10-09	1341	1002	1019	777
2022-10-10	985	1104	1066	821
2022-10-11	1139	543	1105	769
2022-10-12	653	369	1061	669
2022-10-13	1029	563	1094	673
2022-10-14	816	781	1044	709
2022-10-15	924	1153	962	732
2022-10-16	1503	928	978	724
2022-10-17	1247	928	1011	706
2022-10-18	1034	972	997	767
2022-10-19	731	1071	1014	894
2022-10-20	858	493	987	877
2022-10-21	509	289	923	761
2022-10-22	445	287	831	624
2022-10-23	886	298	771	530
2022-10-24	693	224	708	433
2022-10-25	555	423	648	384
2022-10-26	523	450	618	340
2022-10-27	648	494	594	340
2022-10-28	748	325	627	345
2022-10-29	555	476	648	371
2022-10-30	640	287	619	369
2022-10-31	638	343	611	393
2022-11-01	842	307	649	375
2022-11-02	497	370	644	365
2022-11-03	574	421	633	356
2022-11-04	571	436	609	372
2022-11-05	757	293	637	347
2022-11-06	673	360	641	358
2022-11-07	496	540	619	382
2022-11-08	377	374	551	393
2022-11-09	462	525	546	413
2022-11-10	352	331	509	399
2022-11-11	674	380	521	391
2022-11-12	555	460	499	417
2022-11-13	821	500	513	438
2022-11-14	505	293	514	401
2022-11-15	700	397	562	404
2022-11-16	557	447	577	395
2022-11-17	397	414	587	408
2022-11-18	724	394	593	410
2022-11-19	550	583	592	424
2022-11-20	651	504	577	403
2022-11-21	771	304	619	405
2022-11-20	651	504	573	425
2022-11-21	771	304	609	427
2022-11-22	716	435	611	433
2022-11-23	776	524	640	443
2022-11-24	914	763	721	483
2022-11-25	695	727	717	527
2022-11-26	899	1156	769	581
2022-11-27	1152	682	834	607
2022-11-28	1221	747	891	690
2022-11-29	1015	1292	937	806
2022-11-30	1504	1075	1029	893
2022-12-01	1017	879	1045	912
2022-12-02	694	861	1045	934
2022-12-03	1057	834	1070	891
2022-12-04	987	906	1046	928
2022-12-05	1028	685	1021	917
2022-12-06	1015	1327	1021	920
2022-12-07	1131	1094	980	923
2022-12-08	1187	1531	1002	999
2022-12-09	1084	1370	1068	1067
2022-12-10	1791	1576	1152	1169
2022-12-11	1843	792	1259	1147
2022-12-12	1652	834	1347	1179
2022-12-13	1170	1108	1375	1149
2022-12-14	1032	1033	1357	1140
2022-12-15	1055	1123	1335	1090
2022-12-16	1307	1012	1371	1044
2022-12-17	1663	789	1356	946
2022-12-18	1480	1701	1314	1055
2022-12-19	1698	1476	1319	1145
2022-12-20	1241	1359	1331	1179
2022-12-21	1793	1593	1440	1254
2022-12-22	2430	1891	1622	1351
2022-12-23	1332	2551	1626	1542
2022-12-24	1036	1386	1520	1671
2022-12-25	2124	1597	1601	1656
2022-12-26	1526	2377	1576	1772
2022-12-27	2898	2423	1779	1925
2022-12-28	1524	1630	1739	1931
2022-12-29	1765	2003	1661	1947
2022-12-30	1537	1833	1695	1857
2022-12-31	1591	2330	1803	2000
2023-01-01	1976	1727	1784	2023
2023-01-02	1817	1499	1829	1894
2023-01-03	1807	1477	1710	1765
